{"stats":{"minecraft:crafted":{"minecraft:wheat":99},"minecraft:custom":{"minecraft:jump":142,"minecraft:time_since_rest":6576,"minecraft:damage_dealt":10,"minecraft:sprint_one_cm":28243,"minecraft:play_time":6576,"minecraft:time_since_death":6576,"minecraft:walk_one_cm":14799,"minecraft:sneak_time":54,"minecraft:total_world_time":6576,"minecraft:talked_to_villager":1,"minecraft:fall_one_cm":3193,"minecraft:fly_one_cm":44088,"minecraft:open_chest":2},"minecraft:picked_up":{"minecraft:hay_block":11}},"DataVersion":3955}