{"stats":{"minecraft:mined":{"minecraft:granite":13,"minecraft:acacia_log":44,"minecraft:grass_block":2,"minecraft:spawner":1,"minecraft:hay_block":28,"minecraft:furnace":1,"minecraft:iron_ore":33,"minecraft:fire":1,"minecraft:andesite":9,"minecraft:dirt_path":1,"minecraft:stone":105,"minecraft:crafting_table":3,"minecraft:short_grass":12,"minecraft:cobblestone":2,"minecraft:diorite":6,"minecraft:wall_torch":1,"minecraft:lime_bed":4,"minecraft:birch_log":32,"minecraft:wheat":59,"minecraft:bee_nest":1,"minecraft:coal_ore":37,"minecraft:oak_log":240,"minecraft:dirt":4,"minecraft:acacia_planks":6,"minecraft:oak_leaves":16},"minecraft:broken":{"minecraft:wooden_pickaxe":1,"minecraft:stone_pickaxe":1,"minecraft:golden_axe":1,"minecraft:iron_axe":1},"minecraft:custom":{"minecraft:mob_kills":27,"minecraft:interact_with_crafting_table":21,"minecraft:leave_game":2,"minecraft:time_since_death":88057,"minecraft:sprint_one_cm":130130,"minecraft:walk_one_cm":244800,"minecraft:drop":83,"minecraft:talked_to_villager":50,"minecraft:play_time":113511,"minecraft:deaths":2,"minecraft:sneak_time":819,"minecraft:walk_under_water_one_cm":133,"minecraft:jump":1547,"minecraft:walk_on_water_one_cm":7305,"minecraft:total_world_time":113511,"minecraft:interact_with_furnace":40,"minecraft:traded_with_villager":80,"minecraft:sleep_in_bed":6,"minecraft:time_since_rest":10306,"minecraft:damage_taken":1036,"minecraft:damage_dealt":4979,"minecraft:swim_one_cm":1653,"minecraft:fly_one_cm":415348,"minecraft:open_chest":44,"minecraft:crouch_one_cm":548,"minecraft:fall_one_cm":13422},"minecraft:used":{"minecraft:flint_and_steel":1,"minecraft:iron_sword":85,"minecraft:iron_chestplate":2,"minecraft:torch":1,"minecraft:dirt":6,"minecraft:diamond_helmet":1,"minecraft:iron_axe":301,"minecraft:iron_helmet":1,"minecraft:furnace":2,"minecraft:oak_sapling":4,"minecraft:cooked_beef":2,"minecraft:acacia_planks":7,"minecraft:golden_axe":33,"minecraft:diorite":1,"minecraft:stone_pickaxe":132,"minecraft:wooden_pickaxe":59,"minecraft:sand":21,"minecraft:crafting_table":4,"minecraft:lime_bed":2,"minecraft:oak_log":4,"minecraft:apple":2,"minecraft:bread":9,"minecraft:iron_pickaxe":16,"minecraft:golden_helmet":1},"minecraft:dropped":{"minecraft:enchanted_book":2,"minecraft:iron_ingot":4,"minecraft:bread":4,"minecraft:iron_sword":1,"minecraft:wheat_seeds":101,"minecraft:golden_helmet":1,"minecraft:cooked_beef":2,"minecraft:diamond":2,"minecraft:cooked_porkchop":4,"minecraft:iron_helmet":1,"minecraft:cobblestone":135,"minecraft:leather":4,"minecraft:granite":26,"minecraft:coal":21,"minecraft:golden_apple":1,"minecraft:emerald":9,"minecraft:diorite":5,"minecraft:iron_pickaxe":1,"minecraft:acacia_planks":1,"minecraft:gold_ingot":12,"minecraft:cooked_chicken":20,"minecraft:birch_sapling":1,"minecraft:rotten_flesh":5,"minecraft:lime_bed":1,"minecraft:gunpowder":2,"minecraft:dune_armor_trim_smithing_template":1,"minecraft:iron_chestplate":2,"minecraft:andesite":9,"minecraft:oak_sapling":9,"minecraft:spider_eye":3,"minecraft:arrow":2,"minecraft:wooden_pickaxe":1,"minecraft:stone_pickaxe":1,"minecraft:beef":9,"minecraft:egg":1},"minecraft:picked_up":{"minecraft:crafting_table":4,"minecraft:wheat":36,"minecraft:chicken":8,"minecraft:wooden_pickaxe":1,"minecraft:enchanted_book":4,"minecraft:iron_axe":1,"minecraft:beef":17,"minecraft:birch_sapling":1,"minecraft:furnace":1,"minecraft:egg":1,"minecraft:golden_helmet":2,"minecraft:stick":22,"minecraft:raw_iron":37,"minecraft:torch":1,"minecraft:acacia_log":44,"minecraft:porkchop":4,"minecraft:diorite":6,"minecraft:arrow":2,"minecraft:rotten_flesh":5,"minecraft:hay_block":39,"minecraft:gold_ingot":8,"minecraft:cobblestone":390,"minecraft:birch_log":32,"minecraft:lime_bed":4,"minecraft:dune_armor_trim_smithing_template":2,"minecraft:cooked_beef":8,"minecraft:andesite":9,"minecraft:leather":4,"minecraft:oak_log":238,"minecraft:gunpowder":2,"minecraft:dirt":6,"minecraft:bone":4,"minecraft:acacia_planks":16,"minecraft:apple":2,"minecraft:bow":1,"minecraft:wheat_seeds":101,"minecraft:stone_pickaxe":2,"minecraft:iron_ingot":2,"minecraft:cooked_chicken":12,"minecraft:iron_sword":2,"minecraft:spider_eye":3,"minecraft:diamond":3,"minecraft:granite":26,"minecraft:golden_apple":1,"minecraft:emerald":9,"minecraft:bread":68,"minecraft:oak_sapling":13,"minecraft:coal":51},"minecraft:crafted":{"minecraft:oak_planks":936,"minecraft:cooked_chicken":8,"minecraft:furnace":2,"minecraft:flint_and_steel":1,"minecraft:diamond_helmet":1,"minecraft:stone_pickaxe":2,"minecraft:golden_helmet":1,"minecraft:wheat":351,"minecraft:diamond_sword":1,"minecraft:emerald":77,"minecraft:cooked_porkchop":4,"minecraft:diamond_axe":1,"minecraft:crafting_table":2,"minecraft:wooden_pickaxe":1,"minecraft:iron_helmet":1,"minecraft:iron_sword":1,"minecraft:birch_planks":128,"minecraft:bread":117,"minecraft:air":0,"minecraft:iron_chestplate":2,"minecraft:stick":2454,"minecraft:iron_ingot":31,"minecraft:iron_pickaxe":2,"minecraft:acacia_planks":176},"minecraft:killed_by":{"minecraft:creeper":1,"minecraft:skeleton":1},"minecraft:killed":{"minecraft:spider":1,"minecraft:skeleton":6,"minecraft:creeper":3,"minecraft:zombie":14,"minecraft:cow":3}},"DataVersion":3955}