{"stats":{"minecraft:crafted":{"minecraft:crafting_table":1,"minecraft:stick":8,"minecraft:wooden_pickaxe":1,"minecraft:stone_pickaxe":1,"minecraft:iron_sword":1,"minecraft:acacia_planks":16,"minecraft:golden_helmet":1,"minecraft:bread":33,"minecraft:wheat":99},"minecraft:used":{"minecraft:bread":3,"minecraft:stone_pickaxe":21,"minecraft:wooden_pickaxe":59,"minecraft:iron_sword":5,"minecraft:golden_helmet":1,"minecraft:dirt":2,"minecraft:sand":21,"minecraft:crafting_table":2},"minecraft:custom":{"minecraft:time_since_rest":18991,"minecraft:sprint_one_cm":34843,"minecraft:damage_taken":90,"minecraft:walk_one_cm":50793,"minecraft:mob_kills":2,"minecraft:drop":9,"minecraft:damage_dealt":253,"minecraft:talked_to_villager":1,"minecraft:interact_with_crafting_table":6,"minecraft:fly_one_cm":69684,"minecraft:open_chest":17,"minecraft:crouch_one_cm":342,"minecraft:play_time":18991,"minecraft:sneak_time":401,"minecraft:jump":264,"minecraft:leave_game":1,"minecraft:time_since_death":18991,"minecraft:walk_on_water_one_cm":2417,"minecraft:total_world_time":18991,"minecraft:fall_one_cm":7651},"minecraft:broken":{"minecraft:wooden_pickaxe":1},"minecraft:dropped":{"minecraft:enchanted_book":1,"minecraft:iron_ingot":4,"minecraft:diorite":5,"minecraft:dune_armor_trim_smithing_template":1,"minecraft:diamond":2,"minecraft:andesite":9,"minecraft:wooden_pickaxe":1,"minecraft:gold_ingot":11,"minecraft:emerald":3},"minecraft:killed":{"minecraft:zombie":2},"minecraft:picked_up":{"minecraft:crafting_table":1,"minecraft:andesite":9,"minecraft:wooden_pickaxe":1,"minecraft:acacia_log":4,"minecraft:enchanted_book":1,"minecraft:diorite":5,"minecraft:dirt":2,"minecraft:diamond":1,"minecraft:hay_block":11,"minecraft:iron_ingot":2,"minecraft:gold_ingot":6,"minecraft:emerald":2,"minecraft:cobblestone":65},"minecraft:mined":{"minecraft:andesite":9,"minecraft:crafting_table":1,"minecraft:acacia_log":4,"minecraft:grass_block":2,"minecraft:stone":66,"minecraft:diorite":5}},"DataVersion":3955}