{"stats":{"minecraft:mined":{"minecraft:crafting_table":3,"minecraft:short_grass":10,"minecraft:granite":13,"minecraft:acacia_log":5,"minecraft:grass_block":2,"minecraft:cobblestone":2,"minecraft:diorite":6,"minecraft:spawner":1,"minecraft:hay_block":28,"minecraft:lime_bed":4,"minecraft:furnace":1,"minecraft:wheat":59,"minecraft:iron_ore":33,"minecraft:fire":1,"minecraft:andesite":9,"minecraft:oak_log":30,"minecraft:coal_ore":37,"minecraft:dirt_path":1,"minecraft:dirt":4,"minecraft:stone":105,"minecraft:oak_leaves":3},"minecraft:custom":{"minecraft:interact_with_furnace":40,"minecraft:mob_kills":27,"minecraft:interact_with_crafting_table":21,"minecraft:leave_game":2,"minecraft:time_since_death":64057,"minecraft:sleep_in_bed":4,"minecraft:time_since_rest":0,"minecraft:sprint_one_cm":83627,"minecraft:damage_taken":1006,"minecraft:walk_one_cm":194300,"minecraft:drop":69,"minecraft:damage_dealt":4974,"minecraft:swim_one_cm":1653,"minecraft:talked_to_villager":13,"minecraft:fly_one_cm":350937,"minecraft:open_chest":39,"minecraft:crouch_one_cm":492,"minecraft:play_time":89511,"minecraft:deaths":2,"minecraft:sneak_time":804,"minecraft:walk_under_water_one_cm":133,"minecraft:jump":1295,"minecraft:walk_on_water_one_cm":7305,"minecraft:total_world_time":89511,"minecraft:fall_one_cm":10345},"minecraft:broken":{"minecraft:stone_pickaxe":1,"minecraft:golden_axe":1,"minecraft:wooden_pickaxe":1},"minecraft:used":{"minecraft:diorite":1,"minecraft:flint_and_steel":1,"minecraft:stone_pickaxe":132,"minecraft:wooden_pickaxe":59,"minecraft:iron_sword":85,"minecraft:iron_chestplate":1,"minecraft:dirt":6,"minecraft:sand":21,"minecraft:lime_bed":2,"minecraft:crafting_table":4,"minecraft:bread":9,"minecraft:iron_pickaxe":16,"minecraft:iron_helmet":1,"minecraft:golden_helmet":1,"minecraft:furnace":2,"minecraft:cooked_beef":2,"minecraft:acacia_planks":1,"minecraft:golden_axe":33},"minecraft:dropped":{"minecraft:enchanted_book":2,"minecraft:bread":4,"minecraft:iron_ingot":4,"minecraft:wheat_seeds":95,"minecraft:golden_helmet":1,"minecraft:cooked_chicken":20,"minecraft:cooked_beef":2,"minecraft:diamond":2,"minecraft:cooked_porkchop":4,"minecraft:iron_helmet":1,"minecraft:rotten_flesh":5,"minecraft:cobblestone":135,"minecraft:leather":4,"minecraft:granite":26,"minecraft:golden_apple":1,"minecraft:emerald":9,"minecraft:lime_bed":1,"minecraft:gunpowder":2,"minecraft:diorite":5,"minecraft:dune_armor_trim_smithing_template":1,"minecraft:iron_chestplate":2,"minecraft:andesite":9,"minecraft:spider_eye":3,"minecraft:arrow":2,"minecraft:beef":9,"minecraft:stone_pickaxe":1,"minecraft:wooden_pickaxe":1,"minecraft:iron_pickaxe":1,"minecraft:acacia_planks":1,"minecraft:gold_ingot":11,"minecraft:egg":1},"minecraft:picked_up":{"minecraft:wheat":36,"minecraft:lime_bed":4,"minecraft:crafting_table":4,"minecraft:dune_armor_trim_smithing_template":2,"minecraft:cooked_beef":8,"minecraft:chicken":8,"minecraft:andesite":9,"minecraft:leather":4,"minecraft:wooden_pickaxe":1,"minecraft:enchanted_book":4,"minecraft:oak_log":29,"minecraft:gunpowder":2,"minecraft:dirt":6,"minecraft:bone":4,"minecraft:acacia_planks":10,"minecraft:bow":1,"minecraft:wheat_seeds":95,"minecraft:iron_ingot":2,"minecraft:beef":17,"minecraft:stone_pickaxe":2,"minecraft:cooked_chicken":12,"minecraft:egg":1,"minecraft:iron_sword":2,"minecraft:furnace":1,"minecraft:golden_helmet":2,"minecraft:raw_iron":37,"minecraft:stick":8,"minecraft:acacia_log":5,"minecraft:porkchop":4,"minecraft:diorite":6,"minecraft:spider_eye":3,"minecraft:arrow":2,"minecraft:rotten_flesh":5,"minecraft:diamond":3,"minecraft:hay_block":39,"minecraft:granite":26,"minecraft:golden_apple":1,"minecraft:bread":68,"minecraft:gold_ingot":8,"minecraft:emerald":6,"minecraft:coal":37,"minecraft:cobblestone":390},"minecraft:crafted":{"minecraft:cooked_porkchop":4,"minecraft:crafting_table":2,"minecraft:iron_helmet":1,"minecraft:wooden_pickaxe":1,"minecraft:cooked_chicken":8,"minecraft:iron_sword":1,"minecraft:furnace":2,"minecraft:bread":117,"minecraft:air":0,"minecraft:flint_and_steel":1,"minecraft:iron_chestplate":2,"minecraft:stick":16,"minecraft:iron_ingot":31,"minecraft:iron_pickaxe":2,"minecraft:stone_pickaxe":2,"minecraft:acacia_planks":20,"minecraft:golden_helmet":1,"minecraft:wheat":351},"minecraft:killed_by":{"minecraft:skeleton":1,"minecraft:creeper":1},"minecraft:killed":{"minecraft:spider":1,"minecraft:creeper":3,"minecraft:skeleton":6,"minecraft:zombie":14,"minecraft:cow":3}},"DataVersion":3955}