{"stats":{"minecraft:crafted":{"minecraft:crafting_table":1,"minecraft:wooden_pickaxe":1,"minecraft:iron_sword":1,"minecraft:furnace":1,"minecraft:bread":33,"minecraft:stick":8,"minecraft:stone_pickaxe":1,"minecraft:acacia_planks":16,"minecraft:golden_helmet":1,"minecraft:wheat":99},"minecraft:used":{"minecraft:stone_pickaxe":70,"minecraft:wooden_pickaxe":59,"minecraft:iron_sword":59,"minecraft:dirt":6,"minecraft:sand":21,"minecraft:crafting_table":2,"minecraft:lime_bed":1,"minecraft:bread":6,"minecraft:golden_helmet":1,"minecraft:furnace":1,"minecraft:acacia_planks":1},"minecraft:custom":{"minecraft:interact_with_furnace":3,"minecraft:mob_kills":17,"minecraft:interact_with_crafting_table":7,"minecraft:leave_game":1,"minecraft:time_since_death":13461,"minecraft:sleep_in_bed":1,"minecraft:time_since_rest":1186,"minecraft:sprint_one_cm":34843,"minecraft:damage_taken":854,"minecraft:walk_one_cm":100565,"minecraft:drop":22,"minecraft:damage_dealt":3372,"minecraft:swim_one_cm":1096,"minecraft:talked_to_villager":1,"minecraft:fly_one_cm":181227,"minecraft:open_chest":17,"minecraft:crouch_one_cm":367,"minecraft:play_time":38915,"minecraft:deaths":2,"minecraft:sneak_time":526,"minecraft:walk_under_water_one_cm":68,"minecraft:jump":626,"minecraft:walk_on_water_one_cm":5404,"minecraft:total_world_time":38915,"minecraft:fall_one_cm":7651},"minecraft:broken":{"minecraft:wooden_pickaxe":1},"minecraft:dropped":{"minecraft:enchanted_book":1,"minecraft:iron_ingot":4,"minecraft:bread":4,"minecraft:diamond":2,"minecraft:cobblestone":119,"minecraft:rotten_flesh":5,"minecraft:emerald":3,"minecraft:lime_bed":1,"minecraft:gunpowder":2,"minecraft:diorite":5,"minecraft:dune_armor_trim_smithing_template":1,"minecraft:andesite":9,"minecraft:spider_eye":3,"minecraft:wooden_pickaxe":1,"minecraft:gold_ingot":11},"minecraft:killed":{"minecraft:creeper":2,"minecraft:skeleton":1,"minecraft:zombie":14},"minecraft:killed_by":{"minecraft:skeleton":1,"minecraft:creeper":1},"minecraft:picked_up":{"minecraft:lime_bed":2,"minecraft:crafting_table":2,"minecraft:dune_armor_trim_smithing_template":2,"minecraft:andesite":9,"minecraft:wooden_pickaxe":1,"minecraft:enchanted_book":3,"minecraft:gunpowder":2,"minecraft:dirt":6,"minecraft:acacia_planks":10,"minecraft:iron_ingot":2,"minecraft:stone_pickaxe":2,"minecraft:iron_sword":2,"minecraft:golden_helmet":2,"minecraft:raw_iron":19,"minecraft:stick":6,"minecraft:acacia_log":4,"minecraft:diorite":5,"minecraft:spider_eye":3,"minecraft:rotten_flesh":5,"minecraft:diamond":3,"minecraft:hay_block":11,"minecraft:emerald":6,"minecraft:gold_ingot":8,"minecraft:bread":68,"minecraft:cobblestone":371},"minecraft:mined":{"minecraft:crafting_table":1,"minecraft:acacia_log":4,"minecraft:grass_block":2,"minecraft:diorite":5,"minecraft:lime_bed":2,"minecraft:iron_ore":19,"minecraft:andesite":9,"minecraft:dirt":4,"minecraft:stone":96}},"DataVersion":3955}