{"stats":{"minecraft:crafted":{"minecraft:crafting_table":1,"minecraft:stick":8,"minecraft:wooden_pickaxe":1,"minecraft:stone_pickaxe":1,"minecraft:iron_sword":1,"minecraft:furnace":1,"minecraft:acacia_planks":16,"minecraft:golden_helmet":1,"minecraft:bread":33,"minecraft:wheat":99},"minecraft:used":{"minecraft:bread":3,"minecraft:stone_pickaxe":57,"minecraft:wooden_pickaxe":59,"minecraft:iron_sword":13,"minecraft:golden_helmet":1,"minecraft:dirt":2,"minecraft:sand":21,"minecraft:crafting_table":2,"minecraft:furnace":1},"minecraft:custom":{"minecraft:time_since_rest":1464,"minecraft:sprint_one_cm":34843,"minecraft:damage_taken":638,"minecraft:walk_one_cm":58081,"minecraft:mob_kills":4,"minecraft:drop":11,"minecraft:damage_dealt":759,"minecraft:interact_with_crafting_table":7,"minecraft:talked_to_villager":1,"minecraft:fly_one_cm":97581,"minecraft:open_chest":17,"minecraft:crouch_one_cm":342,"minecraft:play_time":26915,"minecraft:deaths":2,"minecraft:sneak_time":414,"minecraft:jump":382,"minecraft:leave_game":1,"minecraft:time_since_death":1461,"minecraft:walk_on_water_one_cm":2417,"minecraft:total_world_time":26915,"minecraft:fall_one_cm":7651},"minecraft:broken":{"minecraft:wooden_pickaxe":1},"minecraft:dropped":{"minecraft:enchanted_book":1,"minecraft:iron_ingot":4,"minecraft:diorite":5,"minecraft:dune_armor_trim_smithing_template":1,"minecraft:diamond":2,"minecraft:andesite":9,"minecraft:cobblestone":27,"minecraft:wooden_pickaxe":1,"minecraft:gold_ingot":11,"minecraft:emerald":3},"minecraft:killed_by":{"minecraft:skeleton":1,"minecraft:creeper":1},"minecraft:killed":{"minecraft:skeleton":1,"minecraft:zombie":3},"minecraft:picked_up":{"minecraft:golden_helmet":1,"minecraft:stick":3,"minecraft:raw_iron":6,"minecraft:crafting_table":1,"minecraft:dune_armor_trim_smithing_template":1,"minecraft:andesite":9,"minecraft:acacia_log":4,"minecraft:wooden_pickaxe":1,"minecraft:enchanted_book":2,"minecraft:diorite":5,"minecraft:dirt":2,"minecraft:acacia_planks":5,"minecraft:diamond":2,"minecraft:hay_block":11,"minecraft:iron_ingot":2,"minecraft:stone_pickaxe":1,"minecraft:bread":30,"minecraft:gold_ingot":7,"minecraft:emerald":4,"minecraft:iron_sword":1,"minecraft:cobblestone":215},"minecraft:mined":{"minecraft:iron_ore":6,"minecraft:andesite":9,"minecraft:crafting_table":1,"minecraft:acacia_log":4,"minecraft:grass_block":2,"minecraft:stone":96,"minecraft:diorite":5}},"DataVersion":3955}