{"stats":{"minecraft:crafted":{"minecraft:cooked_porkchop":4,"minecraft:crafting_table":1,"minecraft:cooked_chicken":8,"minecraft:wooden_pickaxe":1,"minecraft:iron_helmet":1,"minecraft:iron_sword":1,"minecraft:furnace":2,"minecraft:bread":33,"minecraft:air":0,"minecraft:flint_and_steel":1,"minecraft:iron_chestplate":2,"minecraft:stick":16,"minecraft:iron_ingot":31,"minecraft:iron_pickaxe":2,"minecraft:stone_pickaxe":2,"minecraft:acacia_planks":16,"minecraft:golden_helmet":1,"minecraft:wheat":99},"minecraft:used":{"minecraft:diorite":1,"minecraft:flint_and_steel":1,"minecraft:stone_pickaxe":132,"minecraft:wooden_pickaxe":59,"minecraft:iron_sword":83,"minecraft:iron_chestplate":1,"minecraft:dirt":6,"minecraft:sand":21,"minecraft:crafting_table":3,"minecraft:lime_bed":2,"minecraft:bread":9,"minecraft:iron_pickaxe":16,"minecraft:iron_helmet":1,"minecraft:golden_helmet":1,"minecraft:furnace":2,"minecraft:acacia_planks":1,"minecraft:golden_axe":1},"minecraft:custom":{"minecraft:interact_with_furnace":40,"minecraft:mob_kills":26,"minecraft:interact_with_crafting_table":19,"minecraft:leave_game":2,"minecraft:time_since_death":47303,"minecraft:sleep_in_bed":3,"minecraft:time_since_rest":2394,"minecraft:sprint_one_cm":34843,"minecraft:damage_taken":996,"minecraft:walk_one_cm":161895,"minecraft:drop":47,"minecraft:damage_dealt":4874,"minecraft:swim_one_cm":1653,"minecraft:talked_to_villager":1,"minecraft:fly_one_cm":277918,"minecraft:open_chest":24,"minecraft:crouch_one_cm":492,"minecraft:play_time":72757,"minecraft:deaths":2,"minecraft:sneak_time":799,"minecraft:walk_under_water_one_cm":133,"minecraft:jump":1047,"minecraft:walk_on_water_one_cm":6033,"minecraft:total_world_time":72757,"minecraft:fall_one_cm":9174},"minecraft:broken":{"minecraft:stone_pickaxe":1,"minecraft:wooden_pickaxe":1},"minecraft:dropped":{"minecraft:enchanted_book":2,"minecraft:iron_ingot":4,"minecraft:bread":4,"minecraft:wheat_seeds":1,"minecraft:golden_helmet":1,"minecraft:cooked_beef":2,"minecraft:cooked_chicken":20,"minecraft:diamond":2,"minecraft:cooked_porkchop":4,"minecraft:cobblestone":135,"minecraft:rotten_flesh":5,"minecraft:granite":26,"minecraft:golden_apple":1,"minecraft:emerald":3,"minecraft:lime_bed":1,"minecraft:gunpowder":2,"minecraft:diorite":5,"minecraft:dune_armor_trim_smithing_template":1,"minecraft:iron_chestplate":1,"minecraft:andesite":9,"minecraft:spider_eye":3,"minecraft:arrow":2,"minecraft:beef":6,"minecraft:stone_pickaxe":1,"minecraft:wooden_pickaxe":1,"minecraft:iron_pickaxe":1,"minecraft:acacia_planks":1,"minecraft:gold_ingot":11},"minecraft:killed_by":{"minecraft:skeleton":1,"minecraft:creeper":1},"minecraft:killed":{"minecraft:spider":1,"minecraft:creeper":3,"minecraft:skeleton":6,"minecraft:zombie":14,"minecraft:cow":2},"minecraft:picked_up":{"minecraft:lime_bed":4,"minecraft:crafting_table":4,"minecraft:dune_armor_trim_smithing_template":2,"minecraft:cooked_beef":8,"minecraft:chicken":8,"minecraft:andesite":9,"minecraft:leather":4,"minecraft:wooden_pickaxe":1,"minecraft:enchanted_book":4,"minecraft:gunpowder":2,"minecraft:dirt":6,"minecraft:bone":4,"minecraft:acacia_planks":10,"minecraft:bow":1,"minecraft:wheat_seeds":1,"minecraft:beef":14,"minecraft:iron_ingot":2,"minecraft:stone_pickaxe":2,"minecraft:cooked_chicken":12,"minecraft:iron_sword":2,"minecraft:furnace":1,"minecraft:golden_helmet":2,"minecraft:raw_iron":37,"minecraft:stick":6,"minecraft:acacia_log":4,"minecraft:porkchop":4,"minecraft:diorite":6,"minecraft:spider_eye":3,"minecraft:arrow":2,"minecraft:rotten_flesh":5,"minecraft:diamond":3,"minecraft:hay_block":11,"minecraft:granite":26,"minecraft:golden_apple":1,"minecraft:emerald":6,"minecraft:gold_ingot":8,"minecraft:bread":68,"minecraft:coal":37,"minecraft:cobblestone":390},"minecraft:mined":{"minecraft:crafting_table":3,"minecraft:short_grass":8,"minecraft:granite":13,"minecraft:acacia_log":4,"minecraft:grass_block":2,"minecraft:cobblestone":2,"minecraft:diorite":6,"minecraft:spawner":1,"minecraft:lime_bed":4,"minecraft:furnace":1,"minecraft:fire":1,"minecraft:iron_ore":33,"minecraft:andesite":9,"minecraft:coal_ore":37,"minecraft:dirt":4,"minecraft:stone":105}},"DataVersion":3955}