{"stats":{"minecraft:mined":{"minecraft:attached_melon_stem":1,"minecraft:white_bed":2,"minecraft:oak_sapling":3,"minecraft:brewing_stand":1,"minecraft:granite":1,"minecraft:acacia_log":106,"minecraft:grass_block":3,"minecraft:acacia_slab":1,"minecraft:composter":16,"minecraft:hay_block":18,"minecraft:furnace":5,"minecraft:iron_ore":62,"minecraft:fletching_table":15,"minecraft:gold_block":2,"minecraft:bell":1,"minecraft:dirt_path":1,"minecraft:stone":123,"minecraft:orange_bed":5,"minecraft:acacia_leaves":12,"minecraft:red_bed":13,"minecraft:melon_stem":10,"minecraft:smoker":1,"minecraft:crafting_table":3,"minecraft:torch":8,"minecraft:short_grass":96,"minecraft:poppy":2,"minecraft:melon":2,"minecraft:dead_bush":9,"minecraft:tall_grass":1,"minecraft:copper_ore":1,"minecraft:cobblestone":9,"minecraft:lapis_ore":3,"minecraft:sugar_cane":10,"minecraft:diorite":2,"minecraft:wall_torch":11,"minecraft:cactus":2,"minecraft:birch_log":13,"minecraft:wheat":25,"minecraft:oak_log":211,"minecraft:coal_ore":42,"minecraft:gravel":110,"minecraft:dirt":2,"minecraft:acacia_planks":41,"minecraft:netherrack":1,"minecraft:gold_ore":2,"minecraft:oak_leaves":67},"minecraft:crafted":{"minecraft:oak_planks":844,"minecraft:stone_shovel":1,"minecraft:furnace":2,"minecraft:iron_axe":2,"minecraft:iron_hoe":1,"minecraft:stone_pickaxe":2,"minecraft:chest":1,"minecraft:wheat":162,"minecraft:cooked_beef":12,"minecraft:arrow":16,"minecraft:emerald":40,"minecraft:cooked_porkchop":1,"minecraft:crafting_table":1,"minecraft:acacia_slab":12,"minecraft:wooden_pickaxe":1,"minecraft:acacia_trapdoor":8,"minecraft:fletching_table":8,"minecraft:birch_planks":52,"minecraft:bucket":1,"minecraft:stone_axe":2,"minecraft:bread":59,"minecraft:air":0,"minecraft:stick":1284,"minecraft:iron_ingot":57,"minecraft:wooden_axe":1,"minecraft:stone_sword":1,"minecraft:white_bed":1,"minecraft:acacia_planks":412,"minecraft:torch":16},"minecraft:picked_up":{"minecraft:crafting_table":3,"minecraft:iron_chestplate":1,"minecraft:wheat":47,"minecraft:chicken":8,"minecraft:gold_block":2,"minecraft:enchanted_book":1,"minecraft:brewing_stand":1,"minecraft:string":3,"minecraft:red_bed":13,"minecraft:raw_copper":3,"minecraft:beef":26,"minecraft:poppy":2,"minecraft:iron_pickaxe":1,"minecraft:melon_slice":10,"minecraft:sugar_cane":25,"minecraft:birch_sapling":2,"minecraft:furnace":5,"minecraft:egg":6,"minecraft:golden_helmet":1,"minecraft:stick":73,"minecraft:raw_iron":78,"minecraft:composter":16,"minecraft:acacia_log":106,"minecraft:torch":20,"minecraft:porkchop":5,"minecraft:diorite":2,"minecraft:orange_bed":5,"minecraft:arrow":2,"minecraft:cactus":6,"minecraft:rotten_flesh":2,"minecraft:hay_block":24,"minecraft:mutton":5,"minecraft:cobblestone":138,"minecraft:white_wool":4,"minecraft:birch_log":13,"minecraft:lime_bed":1,"minecraft:feather":6,"minecraft:cooked_beef":10,"minecraft:leather":13,"minecraft:smoker":1,"minecraft:flint":13,"minecraft:oak_log":211,"minecraft:golden_boots":1,"minecraft:gunpowder":2,"minecraft:lapis_lazuli":22,"minecraft:dirt":6,"minecraft:acacia_planks":42,"minecraft:apple":3,"minecraft:wheat_seeds":75,"minecraft:raw_gold":2,"minecraft:bell":1,"minecraft:stone_pickaxe":2,"minecraft:cooked_chicken":12,"minecraft:fletching_table":15,"minecraft:acacia_sapling":16,"minecraft:cooked_porkchop":4,"minecraft:gravel":97,"minecraft:white_bed":2,"minecraft:dead_bush":8,"minecraft:spider_eye":1,"minecraft:granite":4,"minecraft:golden_apple":1,"minecraft:bread":10,"minecraft:oak_sapling":54,"minecraft:acacia_slab":1,"minecraft:melon_seeds":18,"minecraft:coal":75},"minecraft:broken":{"minecraft:golden_hoe":1,"minecraft:golden_shovel":1,"minecraft:iron_axe":1,"minecraft:stone_axe":1},"minecraft:killed":{"minecraft:spider":1,"minecraft:skeleton":2,"minecraft:chicken":8,"minecraft:husk":1,"minecraft:pig":3,"minecraft:sheep":4,"minecraft:zombie":2,"minecraft:cow":8},"minecraft:dropped":{"minecraft:enchanted_book":1,"minecraft:bread":64,"minecraft:porkchop":4,"minecraft:wheat_seeds":5,"minecraft:cooked_beef":8,"minecraft:granite":4,"minecraft:golden_apple":1,"minecraft:diorite":2,"minecraft:torch":1,"minecraft:wooden_axe":1,"minecraft:white_wool":1,"minecraft:cooked_chicken":4,"minecraft:raw_copper":3,"minecraft:raw_iron":4,"minecraft:chicken":8,"minecraft:poppy":2,"minecraft:gunpowder":2,"minecraft:arrow":2,"minecraft:wooden_pickaxe":1,"minecraft:stone_pickaxe":1,"minecraft:beef":8},"minecraft:used":{"minecraft:stone_sword":20,"minecraft:acacia_log":3,"minecraft:stone_shovel":45,"minecraft:chest":1,"minecraft:bell":1,"minecraft:cooked_chicken":8,"minecraft:iron_chestplate":1,"minecraft:orange_bed":5,"minecraft:torch":33,"minecraft:dirt":4,"minecraft:acacia_sapling":8,"minecraft:golden_shovel":68,"minecraft:iron_hoe":116,"minecraft:iron_axe":391,"minecraft:acacia_slab":8,"minecraft:oak_sapling":54,"minecraft:furnace":6,"minecraft:egg":1,"minecraft:cooked_beef":12,"minecraft:acacia_planks":215,"minecraft:golden_boots":1,"minecraft:wheat_seeds":68,"minecraft:water_bucket":4,"minecraft:acacia_trapdoor":8,"minecraft:stone_pickaxe":121,"minecraft:wooden_pickaxe":16,"minecraft:composter":14,"minecraft:fletching_table":18,"minecraft:golden_hoe":37,"minecraft:red_bed":13,"minecraft:crafting_table":3,"minecraft:white_bed":2,"minecraft:bread":9,"minecraft:iron_pickaxe":129,"minecraft:gravel":63,"minecraft:golden_helmet":1,"minecraft:stone_axe":115,"minecraft:cobblestone":76,"minecraft:cooked_porkchop":5,"minecraft:bucket":5},"minecraft:killed_by":{"minecraft:player":4,"minecraft:iron_golem":2,"minecraft:skeleton":1,"minecraft:zombie":1},"minecraft:custom":{"minecraft:mob_kills":29,"minecraft:interact_with_crafting_table":34,"minecraft:bell_ring":147,"minecraft:leave_game":5,"minecraft:time_since_death":143347,"minecraft:climb_one_cm":511,"minecraft:sprint_one_cm":653691,"minecraft:walk_one_cm":538015,"minecraft:drop":26,"minecraft:talked_to_villager":27,"minecraft:play_time":185258,"minecraft:deaths":8,"minecraft:sneak_time":883,"minecraft:walk_under_water_one_cm":7990,"minecraft:jump":3981,"minecraft:walk_on_water_one_cm":23636,"minecraft:total_world_time":185258,"minecraft:interact_with_furnace":72,"minecraft:traded_with_villager":41,"minecraft:sleep_in_bed":7,"minecraft:time_since_rest":10859,"minecraft:damage_taken":3639,"minecraft:damage_dealt":3469,"minecraft:swim_one_cm":53762,"minecraft:fly_one_cm":805162,"minecraft:player_kills":2,"minecraft:open_chest":40,"minecraft:crouch_one_cm":1511,"minecraft:fall_one_cm":111404,"minecraft:horse_one_cm":2751}},"DataVersion":3955}