{"stats":{"minecraft:mined":{"minecraft:white_bed":2,"minecraft:attached_melon_stem":1,"minecraft:oak_sapling":7,"minecraft:brewing_stand":1,"minecraft:granite":1,"minecraft:acacia_log":280,"minecraft:grass_block":3,"minecraft:acacia_slab":1,"minecraft:composter":16,"minecraft:hay_block":18,"minecraft:furnace":6,"minecraft:iron_ore":62,"minecraft:fire":3,"minecraft:fletching_table":21,"minecraft:gold_block":2,"minecraft:bell":1,"minecraft:dirt_path":1,"minecraft:stripped_oak_log":1,"minecraft:stone":123,"minecraft:orange_bed":10,"minecraft:acacia_leaves":32,"minecraft:red_bed":16,"minecraft:melon_stem":11,"minecraft:smoker":1,"minecraft:crafting_table":3,"minecraft:torch":11,"minecraft:short_grass":116,"minecraft:blast_furnace":1,"minecraft:poppy":2,"minecraft:melon":2,"minecraft:dead_bush":9,"minecraft:tall_grass":2,"minecraft:copper_ore":1,"minecraft:cobblestone":9,"minecraft:lapis_ore":3,"minecraft:sugar_cane":10,"minecraft:diorite":2,"minecraft:wall_torch":12,"minecraft:cactus":2,"minecraft:birch_log":13,"minecraft:wheat":110,"minecraft:oak_log":529,"minecraft:coal_ore":42,"minecraft:gravel":115,"minecraft:dirt":2,"minecraft:acacia_planks":42,"minecraft:netherrack":1,"minecraft:gold_ore":2,"minecraft:oak_leaves":143},"minecraft:crafted":{"minecraft:oak_planks":1292,"minecraft:smooth_stone":3,"minecraft:chainmail_helmet":15,"minecraft:stone_shovel":1,"minecraft:furnace":2,"minecraft:blast_furnace":1,"minecraft:stone":4,"minecraft:cooked_mutton":5,"minecraft:flint_and_steel":1,"minecraft:diamond_leggings":1,"minecraft:iron_axe":4,"minecraft:iron_hoe":1,"minecraft:stone_pickaxe":2,"minecraft:chest":2,"minecraft:diamond_boots":1,"minecraft:wheat":162,"minecraft:cooked_beef":12,"minecraft:arrow":16,"minecraft:emerald":133,"minecraft:cooked_porkchop":1,"minecraft:crafting_table":1,"minecraft:acacia_slab":12,"minecraft:wooden_pickaxe":1,"minecraft:iron_helmet":10,"minecraft:acacia_trapdoor":8,"minecraft:fletching_table":8,"minecraft:birch_planks":52,"minecraft:bucket":1,"minecraft:stone_axe":2,"minecraft:bread":85,"minecraft:air":0,"minecraft:stick":4172,"minecraft:iron_ingot":57,"minecraft:chainmail_boots":12,"minecraft:wooden_axe":1,"minecraft:stone_sword":1,"minecraft:white_bed":1,"minecraft:acacia_planks":1060,"minecraft:torch":16},"minecraft:picked_up":{"minecraft:iron_chestplate":1,"minecraft:crafting_table":3,"minecraft:wheat":121,"minecraft:chainmail_boots":6,"minecraft:chicken":8,"minecraft:gold_block":2,"minecraft:enchanted_book":1,"minecraft:brewing_stand":1,"minecraft:string":3,"minecraft:red_bed":16,"minecraft:raw_copper":3,"minecraft:beef":26,"minecraft:poppy":2,"minecraft:iron_pickaxe":1,"minecraft:melon_slice":10,"minecraft:sugar_cane":25,"minecraft:birch_sapling":2,"minecraft:furnace":6,"minecraft:egg":6,"minecraft:golden_helmet":1,"minecraft:stick":126,"minecraft:raw_iron":78,"minecraft:composter":16,"minecraft:torch":24,"minecraft:acacia_log":277,"minecraft:porkchop":5,"minecraft:diorite":2,"minecraft:orange_bed":10,"minecraft:arrow":2,"minecraft:cactus":6,"minecraft:rotten_flesh":2,"minecraft:hay_block":24,"minecraft:armadillo_scute":1,"minecraft:mutton":5,"minecraft:white_wool":4,"minecraft:cobblestone":138,"minecraft:stripped_oak_log":1,"minecraft:birch_log":13,"minecraft:lime_bed":1,"minecraft:feather":6,"minecraft:cooked_beef":10,"minecraft:leather":13,"minecraft:smoker":1,"minecraft:flint":14,"minecraft:oak_log":527,"minecraft:golden_boots":2,"minecraft:gunpowder":2,"minecraft:lapis_lazuli":22,"minecraft:dirt":6,"minecraft:acacia_planks":43,"minecraft:apple":16,"minecraft:wheat_seeds":279,"minecraft:raw_gold":2,"minecraft:bell":1,"minecraft:stone_pickaxe":2,"minecraft:cooked_chicken":12,"minecraft:fletching_table":21,"minecraft:acacia_sapling":30,"minecraft:cooked_porkchop":4,"minecraft:gravel":101,"minecraft:blast_furnace":1,"minecraft:white_bed":2,"minecraft:dead_bush":8,"minecraft:spider_eye":1,"minecraft:iron_helmet":4,"minecraft:granite":4,"minecraft:golden_apple":1,"minecraft:emerald":16,"minecraft:bread":10,"minecraft:chainmail_helmet":11,"minecraft:oak_sapling":135,"minecraft:acacia_slab":1,"minecraft:melon_seeds":21,"minecraft:coal":80},"minecraft:broken":{"minecraft:golden_hoe":1,"minecraft:golden_shovel":1,"minecraft:iron_axe":3,"minecraft:stone_axe":1},"minecraft:killed":{"minecraft:spider":1,"minecraft:skeleton":2,"minecraft:chicken":8,"minecraft:husk":1,"minecraft:pig":3,"minecraft:sheep":4,"minecraft:zombie":2,"minecraft:cow":8},"minecraft:dropped":{"minecraft:enchanted_book":1,"minecraft:golden_boots":1,"minecraft:bread":85,"minecraft:porkchop":4,"minecraft:wheat_seeds":7,"minecraft:cooked_beef":8,"minecraft:iron_helmet":12,"minecraft:granite":4,"minecraft:chainmail_helmet":26,"minecraft:golden_apple":1,"minecraft:diorite":2,"minecraft:torch":1,"minecraft:wooden_axe":1,"minecraft:white_wool":1,"minecraft:cooked_chicken":4,"minecraft:raw_copper":3,"minecraft:raw_iron":4,"minecraft:chicken":8,"minecraft:poppy":2,"minecraft:gunpowder":2,"minecraft:chainmail_boots":18,"minecraft:arrow":2,"minecraft:wooden_pickaxe":1,"minecraft:beef":8,"minecraft:stone_pickaxe":1},"minecraft:used":{"minecraft:acacia_log":12,"minecraft:stone_sword":20,"minecraft:flint_and_steel":6,"minecraft:stone_shovel":45,"minecraft:chest":2,"minecraft:bell":1,"minecraft:cooked_chicken":8,"minecraft:iron_chestplate":1,"minecraft:orange_bed":10,"minecraft:torch":37,"minecraft:dirt":4,"minecraft:golden_shovel":68,"minecraft:acacia_sapling":30,"minecraft:iron_hoe":116,"minecraft:iron_axe":1005,"minecraft:acacia_slab":8,"minecraft:oak_sapling":124,"minecraft:furnace":6,"minecraft:egg":1,"minecraft:cooked_beef":14,"minecraft:acacia_planks":218,"minecraft:golden_boots":1,"minecraft:cooked_mutton":5,"minecraft:wheat_seeds":225,"minecraft:water_bucket":5,"minecraft:acacia_trapdoor":8,"minecraft:stone_pickaxe":121,"minecraft:wooden_pickaxe":16,"minecraft:composter":14,"minecraft:fletching_table":24,"minecraft:golden_hoe":37,"minecraft:blast_furnace":2,"minecraft:red_bed":16,"minecraft:crafting_table":3,"minecraft:white_bed":2,"minecraft:smoker":1,"minecraft:oak_log":17,"minecraft:bread":9,"minecraft:iron_pickaxe":131,"minecraft:gravel":68,"minecraft:golden_helmet":1,"minecraft:stone_axe":115,"minecraft:cobblestone":76,"minecraft:cooked_porkchop":5,"minecraft:bucket":6},"minecraft:killed_by":{"minecraft:player":4,"minecraft:iron_golem":2,"minecraft:skeleton":1,"minecraft:zombie":1},"minecraft:custom":{"minecraft:mob_kills":29,"minecraft:interact_with_crafting_table":59,"minecraft:bell_ring":169,"minecraft:leave_game":7,"minecraft:time_since_death":205107,"minecraft:climb_one_cm":511,"minecraft:sprint_one_cm":874268,"minecraft:walk_one_cm":693970,"minecraft:drop":86,"minecraft:talked_to_villager":43,"minecraft:play_time":247018,"minecraft:deaths":8,"minecraft:sneak_time":1204,"minecraft:walk_under_water_one_cm":8258,"minecraft:jump":4651,"minecraft:walk_on_water_one_cm":23669,"minecraft:total_world_time":247018,"minecraft:interact_with_furnace":79,"minecraft:traded_with_villager":173,"minecraft:sleep_in_bed":12,"minecraft:time_since_rest":3954,"minecraft:damage_taken":3675,"minecraft:damage_dealt":3469,"minecraft:player_kills":2,"minecraft:swim_one_cm":54007,"minecraft:fly_one_cm":927080,"minecraft:open_chest":63,"minecraft:crouch_one_cm":3022,"minecraft:interact_with_smoker":3,"minecraft:fall_one_cm":126715,"minecraft:horse_one_cm":2751}},"DataVersion":3955}