{"stats":{"minecraft:custom":{"minecraft:interact_with_furnace":52,"minecraft:mob_kills":28,"minecraft:interact_with_crafting_table":11,"minecraft:leave_game":4,"minecraft:time_since_death":64071,"minecraft:sleep_in_bed":1,"minecraft:climb_one_cm":511,"minecraft:time_since_rest":31689,"minecraft:sprint_one_cm":345415,"minecraft:damage_taken":3493,"minecraft:walk_one_cm":277868,"minecraft:drop":23,"minecraft:damage_dealt":3270,"minecraft:player_kills":2,"minecraft:swim_one_cm":47265,"minecraft:talked_to_villager":1,"minecraft:fly_one_cm":566138,"minecraft:open_chest":13,"minecraft:play_time":105982,"minecraft:deaths":8,"minecraft:sneak_time":30,"minecraft:walk_under_water_one_cm":5153,"minecraft:jump":2748,"minecraft:walk_on_water_one_cm":17496,"minecraft:total_world_time":105982,"minecraft:fall_one_cm":80839,"minecraft:horse_one_cm":2751},"minecraft:picked_up":{"minecraft:crafting_table":3,"minecraft:lime_bed":1,"minecraft:iron_chestplate":1,"minecraft:wheat":27,"minecraft:feather":6,"minecraft:cooked_beef":10,"minecraft:chicken":8,"minecraft:leather":13,"minecraft:gold_block":2,"minecraft:enchanted_book":1,"minecraft:gunpowder":2,"minecraft:dirt":1,"minecraft:lapis_lazuli":22,"minecraft:string":3,"minecraft:raw_copper":3,"minecraft:acacia_planks":28,"minecraft:wheat_seeds":3,"minecraft:raw_gold":2,"minecraft:stone_pickaxe":2,"minecraft:beef":26,"minecraft:cooked_chicken":12,"minecraft:poppy":2,"minecraft:iron_pickaxe":1,"minecraft:sugar_cane":25,"minecraft:acacia_sapling":2,"minecraft:egg":6,"minecraft:furnace":5,"minecraft:golden_helmet":1,"minecraft:stick":8,"minecraft:raw_iron":78,"minecraft:cooked_porkchop":4,"minecraft:torch":10,"minecraft:acacia_log":48,"minecraft:porkchop":5,"minecraft:diorite":2,"minecraft:white_bed":1,"minecraft:dead_bush":8,"minecraft:spider_eye":1,"minecraft:arrow":2,"minecraft:cactus":6,"minecraft:hay_block":24,"minecraft:granite":4,"minecraft:golden_apple":1,"minecraft:bread":10,"minecraft:mutton":5,"minecraft:coal":75,"minecraft:white_wool":4,"minecraft:cobblestone":138},"minecraft:dropped":{"minecraft:enchanted_book":1,"minecraft:wheat_seeds":1,"minecraft:porkchop":4,"minecraft:cooked_chicken":4,"minecraft:cooked_beef":8,"minecraft:raw_copper":3,"minecraft:raw_iron":4,"minecraft:chicken":8,"minecraft:granite":4,"minecraft:golden_apple":1,"minecraft:poppy":2,"minecraft:gunpowder":2,"minecraft:diorite":2,"minecraft:torch":1,"minecraft:wooden_axe":1,"minecraft:arrow":2,"minecraft:stone_pickaxe":1,"minecraft:beef":8,"minecraft:wooden_pickaxe":1,"minecraft:white_wool":1},"minecraft:mined":{"minecraft:acacia_leaves":7,"minecraft:white_bed":1,"minecraft:crafting_table":3,"minecraft:granite":1,"minecraft:torch":1,"minecraft:short_grass":43,"minecraft:acacia_log":48,"minecraft:grass_block":1,"minecraft:poppy":2,"minecraft:dead_bush":9,"minecraft:copper_ore":1,"minecraft:cobblestone":9,"minecraft:lapis_ore":3,"minecraft:sugar_cane":10,"minecraft:diorite":2,"minecraft:wall_torch":8,"minecraft:hay_block":18,"minecraft:cactus":2,"minecraft:furnace":5,"minecraft:iron_ore":62,"minecraft:gold_block":2,"minecraft:coal_ore":42,"minecraft:acacia_planks":27,"minecraft:stone":123,"minecraft:netherrack":1,"minecraft:gold_ore":2},"minecraft:killed_by":{"minecraft:player":4,"minecraft:skeleton":1,"minecraft:zombie":1,"minecraft:iron_golem":2},"minecraft:used":{"minecraft:stone_sword":12,"minecraft:acacia_log":2,"minecraft:stone_pickaxe":121,"minecraft:wooden_pickaxe":16,"minecraft:cooked_chicken":8,"minecraft:iron_chestplate":1,"minecraft:torch":15,"minecraft:golden_hoe":18,"minecraft:dirt":1,"minecraft:crafting_table":2,"minecraft:white_bed":1,"minecraft:acacia_sapling":2,"minecraft:bread":9,"minecraft:iron_pickaxe":124,"minecraft:golden_helmet":1,"minecraft:stone_axe":101,"minecraft:cobblestone":76,"minecraft:furnace":3,"minecraft:cooked_porkchop":5,"minecraft:egg":1,"minecraft:cooked_beef":5,"minecraft:acacia_planks":130},"minecraft:killed":{"minecraft:husk":1,"minecraft:pig":3,"minecraft:spider":1,"minecraft:skeleton":2,"minecraft:sheep":4,"minecraft:zombie":1,"minecraft:chicken":8,"minecraft:cow":8},"minecraft:crafted":{"minecraft:cooked_beef":6,"minecraft:cooked_porkchop":1,"minecraft:crafting_table":1,"minecraft:wooden_pickaxe":1,"minecraft:furnace":2,"minecraft:stone_axe":2,"minecraft:air":0,"minecraft:stick":16,"minecraft:iron_ingot":10,"minecraft:stone_pickaxe":2,"minecraft:wooden_axe":1,"minecraft:stone_sword":1,"minecraft:white_bed":1,"minecraft:acacia_planks":184,"minecraft:torch":16}},"DataVersion":3955}