{"stats":{"minecraft:used":{"minecraft:bread":3},"minecraft:custom":{"minecraft:time_since_rest":1317,"minecraft:open_chest":6,"minecraft:sprint_one_cm":93110,"minecraft:play_time":16025,"minecraft:deaths":4,"minecraft:damage_taken":1040,"minecraft:walk_one_cm":32500,"minecraft:walk_under_water_one_cm":2454,"minecraft:mob_kills":1,"minecraft:jump":714,"minecraft:damage_dealt":770,"minecraft:leave_game":2,"minecraft:walk_on_water_one_cm":4197,"minecraft:time_since_death":1289,"minecraft:climb_one_cm":299,"minecraft:total_world_time":16025,"minecraft:swim_one_cm":24508,"minecraft:talked_to_villager":1,"minecraft:fall_one_cm":23578,"minecraft:fly_one_cm":186693,"minecraft:player_kills":2,"minecraft:horse_one_cm":2751},"minecraft:picked_up":{"minecraft:wheat":27,"minecraft:hay_block":6,"minecraft:dead_bush":8},"minecraft:killed_by":{"minecraft:player":4},"minecraft:killed":{"minecraft:husk":1}},"DataVersion":3955}