{"stats":{"minecraft:crafted":{"minecraft:grindstone":1,"minecraft:smooth_stone":3,"minecraft:oak_planks":3036,"minecraft:chainmail_helmet":15,"minecraft:stone_shovel":1,"minecraft:furnace":3,"minecraft:blast_furnace":1,"minecraft:stone":6,"minecraft:cooked_mutton":5,"minecraft:flint_and_steel":1,"minecraft:bow":1,"minecraft:diamond_helmet":1,"minecraft:diamond_leggings":1,"minecraft:iron_axe":20,"minecraft:iron_hoe":1,"minecraft:stone_pickaxe":7,"minecraft:chest":4,"minecraft:diamond_boots":1,"minecraft:wheat":162,"minecraft:cooked_beef":26,"minecraft:diamond_sword":1,"minecraft:arrow":16,"minecraft:emerald":281,"minecraft:diamond_axe":1,"minecraft:cooked_porkchop":28,"minecraft:crafting_table":2,"minecraft:acacia_slab":12,"minecraft:wooden_pickaxe":1,"minecraft:iron_helmet":10,"minecraft:acacia_trapdoor":8,"minecraft:fletching_table":8,"minecraft:bucket":1,"minecraft:birch_planks":52,"minecraft:stone_axe":8,"minecraft:bread":85,"minecraft:air":0,"minecraft:shield":1,"minecraft:stick":8064,"minecraft:stone_slab":6,"minecraft:iron_ingot":98,"minecraft:chainmail_boots":12,"minecraft:iron_pickaxe":1,"minecraft:wooden_axe":1,"minecraft:stone_sword":1,"minecraft:white_bed":1,"minecraft:acacia_planks":1336,"minecraft:torch":56,"minecraft:diamond_chestplate":1},"minecraft:used":{"minecraft:acacia_log":12,"minecraft:stone_sword":46,"minecraft:flint_and_steel":6,"minecraft:stone_shovel":45,"minecraft:chest":4,"minecraft:shield":27,"minecraft:bell":1,"minecraft:cooked_chicken":8,"minecraft:iron_chestplate":1,"minecraft:orange_bed":10,"minecraft:torch":79,"minecraft:dirt":4,"minecraft:golden_shovel":68,"minecraft:acacia_sapling":30,"minecraft:iron_hoe":116,"minecraft:lava_bucket":1,"minecraft:iron_axe":1284,"minecraft:acacia_slab":8,"minecraft:bow":5,"minecraft:oak_sapling":181,"minecraft:furnace":7,"minecraft:egg":1,"minecraft:cooked_beef":14,"minecraft:acacia_planks":218,"minecraft:golden_boots":1,"minecraft:cooked_mutton":5,"minecraft:wheat_seeds":225,"minecraft:water_bucket":25,"minecraft:acacia_trapdoor":8,"minecraft:stone_pickaxe":121,"minecraft:wooden_pickaxe":16,"minecraft:composter":14,"minecraft:diamond_axe":106,"minecraft:fletching_table":32,"minecraft:golden_hoe":37,"minecraft:blast_furnace":2,"minecraft:red_bed":18,"minecraft:crafting_table":4,"minecraft:white_bed":2,"minecraft:smoker":2,"minecraft:oak_log":17,"minecraft:bread":32,"minecraft:iron_pickaxe":322,"minecraft:gravel":68,"minecraft:golden_helmet":1,"minecraft:stone_axe":115,"minecraft:diamond_sword":47,"minecraft:cobblestone":98,"minecraft:smithing_table":3,"minecraft:grindstone":1,"minecraft:cooked_porkchop":5,"minecraft:bucket":27},"minecraft:custom":{"minecraft:interact_with_smithing_table":2,"minecraft:mob_kills":67,"minecraft:interact_with_crafting_table":82,"minecraft:bell_ring":169,"minecraft:leave_game":9,"minecraft:time_since_death":291803,"minecraft:climb_one_cm":935,"minecraft:sprint_one_cm":1189103,"minecraft:walk_one_cm":907936,"minecraft:damage_blocked_by_shield":1437,"minecraft:drop":101,"minecraft:talked_to_villager":105,"minecraft:play_time":333714,"minecraft:sneak_time":2151,"minecraft:deaths":8,"minecraft:walk_under_water_one_cm":21585,"minecraft:jump":6130,"minecraft:interact_with_blast_furnace":9,"minecraft:walk_on_water_one_cm":38431,"minecraft:total_world_time":333714,"minecraft:interact_with_furnace":90,"minecraft:traded_with_villager":352,"minecraft:interact_with_grindstone":2,"minecraft:sleep_in_bed":17,"minecraft:time_since_rest":5855,"minecraft:damage_taken":4109,"minecraft:damage_dealt":7078,"minecraft:player_kills":2,"minecraft:swim_one_cm":58381,"minecraft:fly_one_cm":1225694,"minecraft:open_chest":109,"minecraft:crouch_one_cm":4098,"minecraft:interact_with_smoker":10,"minecraft:fall_one_cm":158637,"minecraft:horse_one_cm":2751},"minecraft:broken":{"minecraft:golden_hoe":1,"minecraft:golden_shovel":1,"minecraft:iron_axe":5,"minecraft:stone_axe":1,"minecraft:iron_pickaxe":1},"minecraft:dropped":{"minecraft:enchanted_book":1,"minecraft:golden_boots":1,"minecraft:bread":85,"minecraft:porkchop":4,"minecraft:wheat_seeds":11,"minecraft:cooked_beef":8,"minecraft:iron_helmet":12,"minecraft:amethyst_block":12,"minecraft:granite":4,"minecraft:chainmail_helmet":26,"minecraft:golden_apple":1,"minecraft:dirt":1,"minecraft:diorite":2,"minecraft:torch":2,"minecraft:wooden_axe":1,"minecraft:white_wool":1,"minecraft:smooth_basalt":8,"minecraft:cooked_chicken":4,"minecraft:raw_copper":3,"minecraft:raw_iron":4,"minecraft:chicken":8,"minecraft:rotten_flesh":3,"minecraft:poppy":2,"minecraft:gunpowder":2,"minecraft:oak_sapling":6,"minecraft:acacia_sapling":9,"minecraft:chainmail_boots":18,"minecraft:bow":1,"minecraft:arrow":3,"minecraft:beef":8,"minecraft:stone_pickaxe":1,"minecraft:wooden_pickaxe":1,"minecraft:calcite":7},"minecraft:killed":{"minecraft:spider":2,"minecraft:skeleton":7,"minecraft:chicken":13,"minecraft:husk":1,"minecraft:pig":15,"minecraft:creeper":1,"minecraft:sheep":6,"minecraft:zombie":6,"minecraft:cow":15},"minecraft:killed_by":{"minecraft:player":4,"minecraft:iron_golem":2,"minecraft:skeleton":1,"minecraft:zombie":1},"minecraft:picked_up":{"minecraft:smithing_table":3,"minecraft:iron_chestplate":1,"minecraft:crafting_table":4,"minecraft:wheat":121,"minecraft:chainmail_boots":6,"minecraft:chicken":13,"minecraft:gold_block":2,"minecraft:enchanted_book":1,"minecraft:brewing_stand":1,"minecraft:amethyst_block":12,"minecraft:string":4,"minecraft:red_bed":18,"minecraft:raw_copper":3,"minecraft:cobbled_deepslate":26,"minecraft:beef":40,"minecraft:calcite":7,"minecraft:poppy":2,"minecraft:iron_pickaxe":1,"minecraft:melon_slice":10,"minecraft:sugar_cane":50,"minecraft:birch_sapling":2,"minecraft:furnace":9,"minecraft:egg":6,"minecraft:golden_helmet":1,"minecraft:stick":166,"minecraft:raw_iron":132,"minecraft:composter":16,"minecraft:oak_fence":2,"minecraft:torch":28,"minecraft:acacia_log":346,"minecraft:porkchop":32,"minecraft:diorite":2,"minecraft:redstone":8,"minecraft:orange_bed":10,"minecraft:arrow":5,"minecraft:cactus":6,"minecraft:rotten_flesh":8,"minecraft:hay_block":24,"minecraft:armadillo_scute":3,"minecraft:mutton":7,"minecraft:white_wool":6,"minecraft:cobblestone":163,"minecraft:stripped_oak_log":1,"minecraft:birch_log":13,"minecraft:lime_bed":1,"minecraft:feather":14,"minecraft:cooked_beef":10,"minecraft:leather":21,"minecraft:smoker":2,"minecraft:flint":14,"minecraft:tuff":13,"minecraft:oak_log":775,"minecraft:golden_boots":2,"minecraft:gunpowder":4,"minecraft:lapis_lazuli":22,"minecraft:dirt":7,"minecraft:bone":6,"minecraft:acacia_planks":43,"minecraft:apple":20,"minecraft:bow":1,"minecraft:wheat_seeds":283,"minecraft:raw_gold":4,"minecraft:bell":1,"minecraft:stone_pickaxe":2,"minecraft:cooked_chicken":12,"minecraft:fletching_table":29,"minecraft:oak_planks":2,"minecraft:acacia_sapling":39,"minecraft:smooth_basalt":8,"minecraft:cooked_porkchop":4,"minecraft:gravel":101,"minecraft:amethyst_shard":24,"minecraft:blast_furnace":1,"minecraft:white_bed":2,"minecraft:dead_bush":8,"minecraft:spider_eye":1,"minecraft:iron_helmet":4,"minecraft:granite":4,"minecraft:golden_apple":1,"minecraft:chainmail_helmet":11,"minecraft:bread":10,"minecraft:emerald":16,"minecraft:oak_sapling":187,"minecraft:acacia_slab":1,"minecraft:melon_seeds":21,"minecraft:coal":133},"minecraft:mined":{"minecraft:tuff":13,"minecraft:white_bed":2,"minecraft:attached_melon_stem":1,"minecraft:oak_sapling":9,"minecraft:brewing_stand":1,"minecraft:granite":1,"minecraft:budding_amethyst":1,"minecraft:acacia_log":349,"minecraft:grass_block":5,"minecraft:acacia_slab":1,"minecraft:composter":16,"minecraft:hay_block":18,"minecraft:furnace":9,"minecraft:iron_ore":84,"minecraft:fire":3,"minecraft:fletching_table":29,"minecraft:gold_block":2,"minecraft:bell":1,"minecraft:deepslate_iron_ore":19,"minecraft:dirt_path":1,"minecraft:stripped_oak_log":1,"minecraft:stone":143,"minecraft:smithing_table":3,"minecraft:orange_bed":10,"minecraft:deepslate_redstone_ore":2,"minecraft:acacia_leaves":38,"minecraft:red_bed":18,"minecraft:melon_stem":11,"minecraft:smoker":2,"minecraft:amethyst_cluster":6,"minecraft:crafting_table":4,"minecraft:torch":11,"minecraft:short_grass":130,"minecraft:blast_furnace":1,"minecraft:calcite":7,"minecraft:poppy":2,"minecraft:melon":2,"minecraft:dead_bush":9,"minecraft:copper_ore":1,"minecraft:tall_grass":7,"minecraft:cobblestone":11,"minecraft:deepslate_gold_ore":2,"minecraft:lapis_ore":3,"minecraft:oak_planks":1,"minecraft:sugar_cane":23,"minecraft:diorite":2,"minecraft:wall_torch":14,"minecraft:amethyst_block":12,"minecraft:cactus":2,"minecraft:birch_log":13,"minecraft:wheat":110,"minecraft:birch_leaves":1,"minecraft:oak_log":780,"minecraft:coal_ore":79,"minecraft:gravel":115,"minecraft:dirt":2,"minecraft:smooth_basalt":8,"minecraft:acacia_planks":42,"minecraft:netherrack":1,"minecraft:gold_ore":2,"minecraft:oak_leaves":181,"minecraft:deepslate":34}},"DataVersion":3955}