{"stats":{"minecraft:broken":{"minecraft:golden_shovel":1,"minecraft:stone_axe":1},"minecraft:custom":{"minecraft:mob_kills":28,"minecraft:interact_with_crafting_table":21,"minecraft:leave_game":4,"minecraft:time_since_death":76071,"minecraft:climb_one_cm":511,"minecraft:sprint_one_cm":379389,"minecraft:walk_one_cm":309392,"minecraft:drop":25,"minecraft:talked_to_villager":1,"minecraft:play_time":117982,"minecraft:deaths":8,"minecraft:sneak_time":34,"minecraft:walk_under_water_one_cm":5622,"minecraft:jump":2867,"minecraft:walk_on_water_one_cm":22831,"minecraft:total_world_time":117982,"minecraft:interact_with_furnace":61,"minecraft:sleep_in_bed":2,"minecraft:time_since_rest":11308,"minecraft:damage_taken":3493,"minecraft:damage_dealt":3270,"minecraft:fly_one_cm":585076,"minecraft:swim_one_cm":52663,"minecraft:player_kills":2,"minecraft:open_chest":22,"minecraft:fall_one_cm":82687,"minecraft:horse_one_cm":2751},"minecraft:picked_up":{"minecraft:iron_chestplate":1,"minecraft:crafting_table":3,"minecraft:wheat":27,"minecraft:chicken":8,"minecraft:gold_block":2,"minecraft:enchanted_book":1,"minecraft:brewing_stand":1,"minecraft:string":3,"minecraft:red_bed":2,"minecraft:raw_copper":3,"minecraft:beef":26,"minecraft:poppy":2,"minecraft:iron_pickaxe":1,"minecraft:melon_slice":6,"minecraft:sugar_cane":25,"minecraft:furnace":5,"minecraft:egg":6,"minecraft:golden_helmet":1,"minecraft:raw_iron":78,"minecraft:stick":10,"minecraft:acacia_log":70,"minecraft:torch":11,"minecraft:porkchop":5,"minecraft:diorite":2,"minecraft:orange_bed":2,"minecraft:cactus":6,"minecraft:arrow":2,"minecraft:hay_block":24,"minecraft:mutton":5,"minecraft:white_wool":4,"minecraft:cobblestone":138,"minecraft:lime_bed":1,"minecraft:feather":6,"minecraft:cooked_beef":10,"minecraft:leather":13,"minecraft:smoker":1,"minecraft:flint":13,"minecraft:gunpowder":2,"minecraft:lapis_lazuli":22,"minecraft:dirt":3,"minecraft:acacia_planks":28,"minecraft:wheat_seeds":7,"minecraft:raw_gold":2,"minecraft:bell":1,"minecraft:cooked_chicken":12,"minecraft:stone_pickaxe":2,"minecraft:acacia_sapling":3,"minecraft:cooked_porkchop":4,"minecraft:gravel":97,"minecraft:white_bed":2,"minecraft:dead_bush":8,"minecraft:spider_eye":1,"minecraft:granite":4,"minecraft:golden_apple":1,"minecraft:bread":10,"minecraft:coal":75},"minecraft:dropped":{"minecraft:enchanted_book":1,"minecraft:porkchop":4,"minecraft:wheat_seeds":5,"minecraft:cooked_beef":8,"minecraft:granite":4,"minecraft:golden_apple":1,"minecraft:diorite":2,"minecraft:torch":1,"minecraft:wooden_axe":1,"minecraft:white_wool":1,"minecraft:cooked_chicken":4,"minecraft:raw_copper":3,"minecraft:raw_iron":4,"minecraft:chicken":8,"minecraft:poppy":2,"minecraft:gunpowder":2,"minecraft:arrow":2,"minecraft:wooden_pickaxe":1,"minecraft:beef":8,"minecraft:stone_pickaxe":1},"minecraft:mined":{"minecraft:white_bed":2,"minecraft:brewing_stand":1,"minecraft:granite":1,"minecraft:acacia_log":70,"minecraft:grass_block":1,"minecraft:hay_block":18,"minecraft:furnace":5,"minecraft:iron_ore":62,"minecraft:gold_block":2,"minecraft:bell":1,"minecraft:dirt_path":1,"minecraft:stone":123,"minecraft:orange_bed":2,"minecraft:acacia_leaves":8,"minecraft:red_bed":2,"minecraft:smoker":1,"minecraft:crafting_table":3,"minecraft:torch":1,"minecraft:short_grass":44,"minecraft:poppy":2,"minecraft:melon":1,"minecraft:dead_bush":9,"minecraft:cobblestone":9,"minecraft:copper_ore":1,"minecraft:lapis_ore":3,"minecraft:sugar_cane":10,"minecraft:diorite":2,"minecraft:wall_torch":9,"minecraft:cactus":2,"minecraft:coal_ore":42,"minecraft:gravel":110,"minecraft:dirt":1,"minecraft:acacia_planks":27,"minecraft:netherrack":1,"minecraft:gold_ore":2},"minecraft:killed_by":{"minecraft:player":4,"minecraft:iron_golem":2,"minecraft:skeleton":1,"minecraft:zombie":1},"minecraft:used":{"minecraft:stone_sword":12,"minecraft:acacia_log":3,"minecraft:stone_shovel":44,"minecraft:chest":1,"minecraft:cooked_chicken":8,"minecraft:iron_chestplate":1,"minecraft:torch":16,"minecraft:dirt":3,"minecraft:acacia_sapling":2,"minecraft:golden_shovel":68,"minecraft:iron_axe":13,"minecraft:furnace":6,"minecraft:egg":1,"minecraft:cooked_beef":6,"minecraft:acacia_planks":133,"minecraft:stone_pickaxe":121,"minecraft:wooden_pickaxe":16,"minecraft:fletching_table":8,"minecraft:golden_hoe":18,"minecraft:crafting_table":3,"minecraft:white_bed":2,"minecraft:bread":9,"minecraft:iron_pickaxe":129,"minecraft:gravel":63,"minecraft:golden_helmet":1,"minecraft:stone_axe":115,"minecraft:cobblestone":76,"minecraft:cooked_porkchop":5},"minecraft:killed":{"minecraft:spider":1,"minecraft:skeleton":2,"minecraft:chicken":8,"minecraft:husk":1,"minecraft:pig":3,"minecraft:sheep":4,"minecraft:zombie":1,"minecraft:cow":8},"minecraft:crafted":{"minecraft:stone_shovel":1,"minecraft:furnace":2,"minecraft:iron_axe":1,"minecraft:stone_pickaxe":2,"minecraft:chest":1,"minecraft:cooked_beef":6,"minecraft:cooked_porkchop":1,"minecraft:crafting_table":1,"minecraft:wooden_pickaxe":1,"minecraft:fletching_table":8,"minecraft:stone_axe":2,"minecraft:air":0,"minecraft:stick":20,"minecraft:iron_ingot":33,"minecraft:wooden_axe":1,"minecraft:stone_sword":1,"minecraft:white_bed":1,"minecraft:acacia_planks":268,"minecraft:torch":16}},"DataVersion":3955}