{"stats":{"minecraft:used":{"minecraft:bread":5},"minecraft:custom":{"minecraft:open_chest":6,"minecraft:time_since_rest":4269,"minecraft:sprint_one_cm":97259,"minecraft:play_time":18977,"minecraft:damage_taken":1120,"minecraft:deaths":4,"minecraft:walk_one_cm":41055,"minecraft:walk_under_water_one_cm":2454,"minecraft:mob_kills":1,"minecraft:jump":729,"minecraft:damage_dealt":770,"minecraft:leave_game":2,"minecraft:walk_on_water_one_cm":4197,"minecraft:time_since_death":4241,"minecraft:climb_one_cm":299,"minecraft:total_world_time":18977,"minecraft:interact_with_crafting_table":1,"minecraft:swim_one_cm":24508,"minecraft:talked_to_villager":1,"minecraft:fall_one_cm":24231,"minecraft:fly_one_cm":188321,"minecraft:player_kills":2,"minecraft:horse_one_cm":2751},"minecraft:killed_by":{"minecraft:player":4},"minecraft:killed":{"minecraft:husk":1},"minecraft:picked_up":{"minecraft:wheat":27,"minecraft:hay_block":6,"minecraft:stone_pickaxe":1,"minecraft:bread":10,"minecraft:dead_bush":8}},"DataVersion":3955}