{"stats":{"minecraft:crafted":{"minecraft:crafting_table":1,"minecraft:stick":4,"minecraft:furnace":1,"minecraft:acacia_planks":40,"minecraft:torch":4,"minecraft:stone_axe":1},"minecraft:used":{"minecraft:bread":9,"minecraft:stone_pickaxe":36,"minecraft:stone_axe":1,"minecraft:torch":4,"minecraft:cobblestone":3,"minecraft:crafting_table":1,"minecraft:acacia_sapling":1},"minecraft:custom":{"minecraft:time_since_rest":1291,"minecraft:sprint_one_cm":127247,"minecraft:damage_taken":1540,"minecraft:walk_one_cm":71382,"minecraft:mob_kills":2,"minecraft:damage_dealt":939,"minecraft:talked_to_villager":1,"minecraft:swim_one_cm":24508,"minecraft:interact_with_crafting_table":4,"minecraft:fly_one_cm":224448,"minecraft:player_kills":2,"minecraft:open_chest":6,"minecraft:play_time":30977,"minecraft:deaths":5,"minecraft:sneak_time":25,"minecraft:walk_under_water_one_cm":2454,"minecraft:jump":940,"minecraft:leave_game":2,"minecraft:time_since_death":1262,"minecraft:walk_on_water_one_cm":4675,"minecraft:total_world_time":30977,"minecraft:climb_one_cm":299,"minecraft:fall_one_cm":29456,"minecraft:horse_one_cm":2751},"minecraft:killed_by":{"minecraft:player":4,"minecraft:skeleton":1},"minecraft:killed":{"minecraft:husk":1,"minecraft:zombie":1},"minecraft:picked_up":{"minecraft:crafting_table":1,"minecraft:wheat":27,"minecraft:acacia_log":10,"minecraft:dead_bush":8,"minecraft:string":1,"minecraft:spider_eye":1,"minecraft:hay_block":6,"minecraft:stone_pickaxe":1,"minecraft:bread":10,"minecraft:sugar_cane":11,"minecraft:acacia_sapling":1,"minecraft:coal":1,"minecraft:cobblestone":26},"minecraft:mined":{"minecraft:acacia_leaves":2,"minecraft:crafting_table":1,"minecraft:acacia_log":10,"minecraft:coal_ore":1,"minecraft:stone":29,"minecraft:sugar_cane":5}},"DataVersion":3955}