{"stats":{"minecraft:crafted":{"minecraft:cooked_porkchop":1,"minecraft:crafting_table":1,"minecraft:stick":12,"minecraft:wooden_pickaxe":1,"minecraft:stone_pickaxe":1,"minecraft:wooden_axe":1,"minecraft:furnace":1,"minecraft:acacia_planks":56,"minecraft:torch":4,"minecraft:stone_axe":2},"minecraft:used":{"minecraft:acacia_log":2,"minecraft:bread":9,"minecraft:stone_pickaxe":68,"minecraft:wooden_pickaxe":16,"minecraft:golden_helmet":1,"minecraft:stone_axe":4,"minecraft:torch":4,"minecraft:cobblestone":3,"minecraft:crafting_table":1,"minecraft:cooked_porkchop":1,"minecraft:acacia_sapling":2},"minecraft:custom":{"minecraft:time_since_rest":13095,"minecraft:interact_with_furnace":4,"minecraft:sprint_one_cm":224531,"minecraft:damage_taken":2377,"minecraft:walk_one_cm":130393,"minecraft:mob_kills":6,"minecraft:damage_dealt":1230,"minecraft:talked_to_villager":1,"minecraft:swim_one_cm":44368,"minecraft:interact_with_crafting_table":6,"minecraft:fly_one_cm":424408,"minecraft:player_kills":2,"minecraft:open_chest":6,"minecraft:play_time":54977,"minecraft:deaths":8,"minecraft:sneak_time":30,"minecraft:walk_under_water_one_cm":3807,"minecraft:jump":1684,"minecraft:leave_game":2,"minecraft:time_since_death":13066,"minecraft:walk_on_water_one_cm":13527,"minecraft:total_world_time":54977,"minecraft:climb_one_cm":511,"minecraft:fall_one_cm":53496,"minecraft:horse_one_cm":2751},"minecraft:killed":{"minecraft:husk":1,"minecraft:pig":1,"minecraft:zombie":1,"minecraft:chicken":3},"minecraft:killed_by":{"minecraft:iron_golem":2,"minecraft:player":4,"minecraft:skeleton":1,"minecraft:zombie":1},"minecraft:picked_up":{"minecraft:chicken":3,"minecraft:golden_helmet":1,"minecraft:stick":8,"minecraft:lime_bed":1,"minecraft:crafting_table":1,"minecraft:wheat":27,"minecraft:feather":3,"minecraft:acacia_log":16,"minecraft:porkchop":1,"minecraft:gunpowder":2,"minecraft:dead_bush":8,"minecraft:string":1,"minecraft:spider_eye":1,"minecraft:arrow":2,"minecraft:hay_block":6,"minecraft:stone_pickaxe":1,"minecraft:bread":10,"minecraft:sugar_cane":16,"minecraft:acacia_sapling":2,"minecraft:coal":1,"minecraft:egg":3,"minecraft:cobblestone":74},"minecraft:mined":{"minecraft:acacia_leaves":2,"minecraft:crafting_table":1,"minecraft:short_grass":5,"minecraft:acacia_log":16,"minecraft:coal_ore":1,"minecraft:dead_bush":9,"minecraft:stone":77,"minecraft:sugar_cane":7}},"DataVersion":3955}