{"stats":{"minecraft:crafted":{"minecraft:cooked_porkchop":1,"minecraft:crafting_table":1,"minecraft:wooden_pickaxe":1,"minecraft:furnace":2,"minecraft:stone_axe":2,"minecraft:stick":16,"minecraft:stone_pickaxe":1,"minecraft:wooden_axe":1,"minecraft:stone_sword":1,"minecraft:acacia_planks":56,"minecraft:torch":4},"minecraft:used":{"minecraft:acacia_log":2,"minecraft:stone_pickaxe":75,"minecraft:wooden_pickaxe":16,"minecraft:cooked_chicken":1,"minecraft:iron_chestplate":1,"minecraft:torch":4,"minecraft:crafting_table":1,"minecraft:acacia_sapling":2,"minecraft:bread":9,"minecraft:iron_pickaxe":3,"minecraft:golden_helmet":1,"minecraft:stone_axe":21,"minecraft:cobblestone":3,"minecraft:furnace":1,"minecraft:cooked_porkchop":2,"minecraft:egg":1},"minecraft:custom":{"minecraft:interact_with_furnace":35,"minecraft:mob_kills":17,"minecraft:interact_with_crafting_table":8,"minecraft:leave_game":3,"minecraft:time_since_death":24934,"minecraft:climb_one_cm":511,"minecraft:time_since_rest":24963,"minecraft:sprint_one_cm":253981,"minecraft:damage_taken":2409,"minecraft:walk_one_cm":153387,"minecraft:drop":10,"minecraft:damage_dealt":2030,"minecraft:swim_one_cm":44368,"minecraft:talked_to_villager":1,"minecraft:fly_one_cm":489366,"minecraft:player_kills":2,"minecraft:open_chest":6,"minecraft:play_time":66845,"minecraft:deaths":8,"minecraft:sneak_time":30,"minecraft:walk_under_water_one_cm":3807,"minecraft:jump":1963,"minecraft:walk_on_water_one_cm":13817,"minecraft:total_world_time":66845,"minecraft:fall_one_cm":61254,"minecraft:horse_one_cm":2751},"minecraft:dropped":{"minecraft:enchanted_book":1,"minecraft:porkchop":4,"minecraft:cooked_beef":8,"minecraft:cooked_chicken":4,"minecraft:chicken":8,"minecraft:golden_apple":1,"minecraft:beef":8},"minecraft:killed_by":{"minecraft:player":4,"minecraft:skeleton":1,"minecraft:zombie":1,"minecraft:iron_golem":2},"minecraft:killed":{"minecraft:husk":1,"minecraft:pig":3,"minecraft:zombie":1,"minecraft:chicken":8,"minecraft:cow":4},"minecraft:picked_up":{"minecraft:crafting_table":2,"minecraft:lime_bed":1,"minecraft:iron_chestplate":1,"minecraft:wheat":27,"minecraft:feather":6,"minecraft:cooked_beef":8,"minecraft:chicken":8,"minecraft:leather":6,"minecraft:gold_block":1,"minecraft:enchanted_book":1,"minecraft:gunpowder":2,"minecraft:string":1,"minecraft:beef":8,"minecraft:stone_pickaxe":2,"minecraft:cooked_chicken":12,"minecraft:iron_pickaxe":1,"minecraft:sugar_cane":25,"minecraft:acacia_sapling":2,"minecraft:furnace":3,"minecraft:egg":6,"minecraft:golden_helmet":1,"minecraft:stick":8,"minecraft:cooked_porkchop":4,"minecraft:acacia_log":16,"minecraft:porkchop":5,"minecraft:dead_bush":8,"minecraft:spider_eye":1,"minecraft:cactus":6,"minecraft:arrow":2,"minecraft:hay_block":6,"minecraft:golden_apple":1,"minecraft:bread":10,"minecraft:coal":16,"minecraft:cobblestone":78},"minecraft:mined":{"minecraft:acacia_leaves":2,"minecraft:crafting_table":2,"minecraft:short_grass":8,"minecraft:acacia_log":16,"minecraft:dead_bush":9,"minecraft:cobblestone":3,"minecraft:sugar_cane":10,"minecraft:cactus":2,"minecraft:furnace":3,"minecraft:gold_block":2,"minecraft:coal_ore":1,"minecraft:stone":78,"minecraft:netherrack":1}},"DataVersion":3955}