{"stats":{"minecraft:crafted":{"minecraft:grindstone":1,"minecraft:smooth_stone":3,"minecraft:oak_planks":3036,"minecraft:chainmail_helmet":15,"minecraft:stone_shovel":1,"minecraft:furnace":3,"minecraft:blast_furnace":1,"minecraft:stone":6,"minecraft:cooked_mutton":5,"minecraft:flint_and_steel":1,"minecraft:bow":1,"minecraft:diamond_helmet":1,"minecraft:diamond_leggings":1,"minecraft:iron_axe":20,"minecraft:iron_hoe":1,"minecraft:stone_pickaxe":7,"minecraft:chest":4,"minecraft:diamond_boots":1,"minecraft:wheat":162,"minecraft:cooked_beef":26,"minecraft:diamond_sword":1,"minecraft:arrow":16,"minecraft:emerald":281,"minecraft:cooked_porkchop":28,"minecraft:diamond_axe":1,"minecraft:crafting_table":2,"minecraft:acacia_slab":12,"minecraft:wooden_pickaxe":1,"minecraft:iron_helmet":10,"minecraft:acacia_trapdoor":8,"minecraft:fletching_table":8,"minecraft:bucket":1,"minecraft:birch_planks":52,"minecraft:stone_axe":8,"minecraft:bread":85,"minecraft:air":0,"minecraft:shield":3,"minecraft:stick":8072,"minecraft:stone_slab":6,"minecraft:chainmail_boots":12,"minecraft:iron_ingot":98,"minecraft:iron_pickaxe":1,"minecraft:wooden_axe":1,"minecraft:stone_sword":1,"minecraft:white_bed":1,"minecraft:acacia_planks":1336,"minecraft:torch":88,"minecraft:diamond_chestplate":1},"minecraft:used":{"minecraft:acacia_log":12,"minecraft:stone_sword":46,"minecraft:flint_and_steel":6,"minecraft:stone_shovel":45,"minecraft:chest":4,"minecraft:shield":99,"minecraft:bell":1,"minecraft:cooked_chicken":8,"minecraft:iron_chestplate":1,"minecraft:orange_bed":10,"minecraft:torch":109,"minecraft:dirt":4,"minecraft:golden_shovel":68,"minecraft:acacia_sapling":30,"minecraft:iron_hoe":116,"minecraft:lava_bucket":1,"minecraft:iron_axe":1284,"minecraft:acacia_slab":8,"minecraft:bow":5,"minecraft:oak_sapling":181,"minecraft:furnace":7,"minecraft:egg":1,"minecraft:cooked_beef":19,"minecraft:acacia_planks":218,"minecraft:golden_boots":1,"minecraft:cooked_mutton":5,"minecraft:wheat_seeds":225,"minecraft:water_bucket":27,"minecraft:acacia_trapdoor":8,"minecraft:stone_pickaxe":121,"minecraft:wooden_pickaxe":16,"minecraft:composter":14,"minecraft:diamond_axe":108,"minecraft:fletching_table":32,"minecraft:golden_hoe":37,"minecraft:blast_furnace":2,"minecraft:red_bed":18,"minecraft:crafting_table":6,"minecraft:white_bed":2,"minecraft:smoker":2,"minecraft:oak_log":17,"minecraft:bread":42,"minecraft:iron_pickaxe":414,"minecraft:gravel":68,"minecraft:golden_helmet":1,"minecraft:stone_axe":115,"minecraft:diamond_sword":113,"minecraft:cobblestone":98,"minecraft:grindstone":1,"minecraft:smithing_table":3,"minecraft:cooked_porkchop":5,"minecraft:bucket":29},"minecraft:custom":{"minecraft:interact_with_smithing_table":2,"minecraft:mob_kills":91,"minecraft:interact_with_crafting_table":84,"minecraft:bell_ring":169,"minecraft:leave_game":9,"minecraft:time_since_death":314566,"minecraft:climb_one_cm":935,"minecraft:sprint_one_cm":1277020,"minecraft:walk_one_cm":991631,"minecraft:damage_blocked_by_shield":4972,"minecraft:drop":102,"minecraft:talked_to_villager":105,"minecraft:play_time":356477,"minecraft:sneak_time":2242,"minecraft:deaths":8,"minecraft:walk_under_water_one_cm":22086,"minecraft:jump":6695,"minecraft:interact_with_blast_furnace":9,"minecraft:walk_on_water_one_cm":43355,"minecraft:total_world_time":356477,"minecraft:interact_with_furnace":90,"minecraft:traded_with_villager":352,"minecraft:interact_with_grindstone":2,"minecraft:sleep_in_bed":17,"minecraft:time_since_rest":28618,"minecraft:damage_taken":4888,"minecraft:damage_dealt":11522,"minecraft:player_kills":2,"minecraft:swim_one_cm":60569,"minecraft:fly_one_cm":1338369,"minecraft:open_chest":115,"minecraft:crouch_one_cm":4188,"minecraft:interact_with_smoker":10,"minecraft:fall_one_cm":170433,"minecraft:horse_one_cm":2751},"minecraft:broken":{"minecraft:golden_hoe":1,"minecraft:golden_shovel":1,"minecraft:shield":2,"minecraft:iron_axe":5,"minecraft:stone_axe":1,"minecraft:iron_pickaxe":1},"minecraft:dropped":{"minecraft:enchanted_book":1,"minecraft:golden_boots":1,"minecraft:bread":85,"minecraft:porkchop":4,"minecraft:wheat_seeds":11,"minecraft:cooked_beef":8,"minecraft:iron_helmet":12,"minecraft:amethyst_block":12,"minecraft:granite":4,"minecraft:chainmail_helmet":26,"minecraft:golden_apple":1,"minecraft:dirt":1,"minecraft:diorite":2,"minecraft:torch":3,"minecraft:wooden_axe":1,"minecraft:white_wool":1,"minecraft:smooth_basalt":8,"minecraft:cooked_chicken":4,"minecraft:raw_copper":3,"minecraft:raw_iron":4,"minecraft:chicken":8,"minecraft:rotten_flesh":3,"minecraft:poppy":2,"minecraft:gunpowder":2,"minecraft:oak_sapling":6,"minecraft:acacia_sapling":9,"minecraft:chainmail_boots":18,"minecraft:arrow":3,"minecraft:bow":1,"minecraft:beef":8,"minecraft:stone_pickaxe":1,"minecraft:wooden_pickaxe":1,"minecraft:calcite":7},"minecraft:killed":{"minecraft:spider":3,"minecraft:skeleton":17,"minecraft:chicken":13,"minecraft:husk":1,"minecraft:pig":15,"minecraft:zombie_villager":1,"minecraft:creeper":1,"minecraft:sheep":6,"minecraft:zombie":16,"minecraft:cow":15},"minecraft:killed_by":{"minecraft:player":4,"minecraft:iron_golem":2,"minecraft:skeleton":1,"minecraft:zombie":1},"minecraft:picked_up":{"minecraft:iron_chestplate":1,"minecraft:crafting_table":6,"minecraft:wheat":121,"minecraft:chainmail_boots":6,"minecraft:chicken":13,"minecraft:smithing_table":3,"minecraft:gold_block":2,"minecraft:enchanted_book":1,"minecraft:brewing_stand":1,"minecraft:amethyst_block":12,"minecraft:string":4,"minecraft:red_bed":18,"minecraft:raw_copper":6,"minecraft:cobbled_deepslate":32,"minecraft:beef":40,"minecraft:calcite":7,"minecraft:poppy":2,"minecraft:iron_pickaxe":1,"minecraft:melon_slice":10,"minecraft:sugar_cane":50,"minecraft:birch_sapling":2,"minecraft:furnace":9,"minecraft:egg":6,"minecraft:golden_helmet":1,"minecraft:stick":166,"minecraft:raw_iron":167,"minecraft:composter":16,"minecraft:oak_fence":2,"minecraft:torch":32,"minecraft:acacia_log":346,"minecraft:porkchop":32,"minecraft:diorite":2,"minecraft:redstone":44,"minecraft:orange_bed":10,"minecraft:arrow":17,"minecraft:cactus":6,"minecraft:rotten_flesh":19,"minecraft:hay_block":24,"minecraft:armadillo_scute":3,"minecraft:mutton":7,"minecraft:white_wool":6,"minecraft:cobblestone":170,"minecraft:stripped_oak_log":1,"minecraft:birch_log":13,"minecraft:lime_bed":1,"minecraft:feather":14,"minecraft:cooked_beef":10,"minecraft:leather":21,"minecraft:smoker":2,"minecraft:flint":14,"minecraft:tuff":29,"minecraft:oak_log":775,"minecraft:golden_boots":3,"minecraft:gunpowder":4,"minecraft:lapis_lazuli":22,"minecraft:dirt":7,"minecraft:bone":21,"minecraft:acacia_planks":43,"minecraft:apple":20,"minecraft:bow":2,"minecraft:wheat_seeds":283,"minecraft:raw_gold":8,"minecraft:bell":1,"minecraft:stone_pickaxe":2,"minecraft:cooked_chicken":12,"minecraft:fletching_table":29,"minecraft:oak_planks":2,"minecraft:acacia_sapling":39,"minecraft:smooth_basalt":8,"minecraft:cooked_porkchop":4,"minecraft:raw_iron_block":1,"minecraft:gravel":101,"minecraft:amethyst_shard":24,"minecraft:blast_furnace":1,"minecraft:white_bed":2,"minecraft:dead_bush":8,"minecraft:spider_eye":1,"minecraft:iron_helmet":4,"minecraft:granite":4,"minecraft:golden_apple":1,"minecraft:chainmail_helmet":11,"minecraft:bread":10,"minecraft:emerald":16,"minecraft:oak_sapling":187,"minecraft:acacia_slab":1,"minecraft:melon_seeds":21,"minecraft:coal":141},"minecraft:mined":{"minecraft:tuff":31,"minecraft:white_bed":2,"minecraft:attached_melon_stem":1,"minecraft:oak_sapling":9,"minecraft:brewing_stand":1,"minecraft:granite":1,"minecraft:budding_amethyst":1,"minecraft:acacia_log":349,"minecraft:grass_block":5,"minecraft:acacia_slab":1,"minecraft:composter":16,"minecraft:spawner":1,"minecraft:hay_block":18,"minecraft:raw_iron_block":1,"minecraft:furnace":9,"minecraft:iron_ore":106,"minecraft:fire":3,"minecraft:fletching_table":29,"minecraft:gold_block":2,"minecraft:bell":1,"minecraft:deepslate_iron_ore":33,"minecraft:dirt_path":1,"minecraft:stripped_oak_log":1,"minecraft:stone":151,"minecraft:orange_bed":10,"minecraft:smithing_table":3,"minecraft:deepslate_redstone_ore":10,"minecraft:acacia_leaves":38,"minecraft:red_bed":18,"minecraft:melon_stem":11,"minecraft:amethyst_cluster":6,"minecraft:smoker":2,"minecraft:crafting_table":6,"minecraft:torch":13,"minecraft:short_grass":130,"minecraft:blast_furnace":1,"minecraft:calcite":7,"minecraft:poppy":2,"minecraft:melon":2,"minecraft:dead_bush":9,"minecraft:copper_ore":1,"minecraft:tall_grass":8,"minecraft:cobblestone":11,"minecraft:deepslate_gold_ore":7,"minecraft:lapis_ore":3,"minecraft:oak_planks":1,"minecraft:sugar_cane":23,"minecraft:diorite":2,"minecraft:wall_torch":15,"minecraft:amethyst_block":12,"minecraft:deepslate_copper_ore":1,"minecraft:cactus":2,"minecraft:birch_log":13,"minecraft:wheat":110,"minecraft:birch_leaves":1,"minecraft:oak_log":780,"minecraft:coal_ore":88,"minecraft:gravel":116,"minecraft:dirt":2,"minecraft:smooth_basalt":8,"minecraft:acacia_planks":42,"minecraft:netherrack":1,"minecraft:gold_ore":2,"minecraft:oak_leaves":181,"minecraft:deepslate":38}},"DataVersion":3955}