{"stats":{"minecraft:mined":{"minecraft:tuff":47,"minecraft:white_bed":2,"minecraft:attached_melon_stem":1,"minecraft:oak_sapling":9,"minecraft:deepslate_diamond_ore":4,"minecraft:cherry_log":17,"minecraft:brewing_stand":1,"minecraft:glow_lichen":1,"minecraft:granite":1,"minecraft:budding_amethyst":1,"minecraft:acacia_log":349,"minecraft:grass_block":6,"minecraft:acacia_slab":1,"minecraft:composter":16,"minecraft:sandstone":44,"minecraft:spawner":1,"minecraft:hay_block":18,"minecraft:raw_iron_block":2,"minecraft:furnace":10,"minecraft:iron_ore":107,"minecraft:fire":3,"minecraft:fletching_table":29,"minecraft:gold_block":2,"minecraft:bell":1,"minecraft:deepslate_iron_ore":189,"minecraft:dirt_path":1,"minecraft:stripped_oak_log":1,"minecraft:stone":248,"minecraft:orange_bed":11,"minecraft:smithing_table":3,"minecraft:deepslate_redstone_ore":44,"minecraft:acacia_leaves":38,"minecraft:red_bed":26,"minecraft:melon_stem":11,"minecraft:amethyst_cluster":6,"minecraft:smoker":3,"minecraft:crafting_table":9,"minecraft:torch":33,"minecraft:short_grass":131,"minecraft:blast_furnace":1,"minecraft:calcite":7,"minecraft:poppy":2,"minecraft:melon":2,"minecraft:dead_bush":9,"minecraft:copper_ore":1,"minecraft:tall_grass":8,"minecraft:cobblestone":11,"minecraft:deepslate_gold_ore":22,"minecraft:lapis_ore":3,"minecraft:oak_planks":1,"minecraft:sugar_cane":26,"minecraft:diorite":2,"minecraft:wall_torch":24,"minecraft:amethyst_block":12,"minecraft:deepslate_copper_ore":1,"minecraft:cactus":2,"minecraft:birch_log":13,"minecraft:wheat":110,"minecraft:birch_leaves":2,"minecraft:coal_ore":88,"minecraft:oak_log":780,"minecraft:gravel":120,"minecraft:dirt":4,"minecraft:cherry_leaves":1,"minecraft:sand":1,"minecraft:smooth_basalt":8,"minecraft:acacia_planks":43,"minecraft:netherrack":1,"minecraft:gold_ore":2,"minecraft:oak_leaves":184,"minecraft:deepslate":119},"minecraft:broken":{"minecraft:golden_hoe":1,"minecraft:golden_shovel":1,"minecraft:shield":2,"minecraft:iron_axe":5,"minecraft:stone_axe":1,"minecraft:iron_pickaxe":3},"minecraft:custom":{"minecraft:interact_with_smithing_table":2,"minecraft:mob_kills":124,"minecraft:interact_with_crafting_table":92,"minecraft:bell_ring":174,"minecraft:leave_game":17,"minecraft:time_since_death":485711,"minecraft:climb_one_cm":1050,"minecraft:sprint_one_cm":1784578,"minecraft:walk_one_cm":1268369,"minecraft:damage_blocked_by_shield":6716,"minecraft:drop":123,"minecraft:talked_to_villager":122,"minecraft:play_time":527622,"minecraft:sneak_time":4413,"minecraft:deaths":8,"minecraft:walk_under_water_one_cm":29957,"minecraft:boat_one_cm":505386,"minecraft:jump":9654,"minecraft:interact_with_blast_furnace":33,"minecraft:walk_on_water_one_cm":68222,"minecraft:total_world_time":527622,"minecraft:interact_with_furnace":95,"minecraft:traded_with_villager":374,"minecraft:interact_with_grindstone":2,"minecraft:sleep_in_bed":28,"minecraft:time_since_rest":8066,"minecraft:damage_taken":5616,"minecraft:damage_dealt":16888,"minecraft:player_kills":2,"minecraft:swim_one_cm":130626,"minecraft:fly_one_cm":1932479,"minecraft:open_chest":157,"minecraft:crouch_one_cm":5997,"minecraft:interact_with_smoker":11,"minecraft:fall_one_cm":245782,"minecraft:horse_one_cm":2751},"minecraft:used":{"minecraft:acacia_log":12,"minecraft:stone_sword":46,"minecraft:flint_and_steel":6,"minecraft:stone_shovel":45,"minecraft:chest":4,"minecraft:shield":121,"minecraft:bell":1,"minecraft:cooked_chicken":8,"minecraft:iron_chestplate":1,"minecraft:orange_bed":10,"minecraft:torch":147,"minecraft:dirt":4,"minecraft:golden_shovel":68,"minecraft:tuff":24,"minecraft:acacia_sapling":30,"minecraft:iron_hoe":116,"minecraft:lava_bucket":1,"minecraft:iron_axe":1284,"minecraft:acacia_slab":8,"minecraft:bow":24,"minecraft:oak_sapling":181,"minecraft:furnace":8,"minecraft:egg":1,"minecraft:cooked_beef":28,"minecraft:acacia_planks":218,"minecraft:golden_boots":1,"minecraft:cooked_mutton":5,"minecraft:wheat_seeds":225,"minecraft:water_bucket":32,"minecraft:acacia_trapdoor":8,"minecraft:oak_planks":1,"minecraft:stone_pickaxe":121,"minecraft:wooden_pickaxe":16,"minecraft:composter":14,"minecraft:diamond_axe":132,"minecraft:fletching_table":32,"minecraft:golden_hoe":37,"minecraft:blast_furnace":2,"minecraft:red_bed":26,"minecraft:crafting_table":10,"minecraft:white_bed":3,"minecraft:smoker":2,"minecraft:oak_log":17,"minecraft:diamond_pickaxe":2,"minecraft:bread":48,"minecraft:iron_pickaxe":874,"minecraft:gravel":70,"minecraft:golden_helmet":1,"minecraft:stone_axe":115,"minecraft:diamond_sword":198,"minecraft:cobblestone":122,"minecraft:grindstone":1,"minecraft:smithing_table":3,"minecraft:cooked_porkchop":15,"minecraft:bucket":34,"minecraft:oak_boat":5},"minecraft:dropped":{"minecraft:enchanted_book":1,"minecraft:golden_boots":3,"minecraft:bread":85,"minecraft:porkchop":4,"minecraft:wheat_seeds":12,"minecraft:cooked_beef":8,"minecraft:iron_helmet":12,"minecraft:amethyst_block":12,"minecraft:granite":4,"minecraft:chainmail_helmet":26,"minecraft:golden_apple":1,"minecraft:emerald":1,"minecraft:dirt":2,"minecraft:diorite":2,"minecraft:torch":3,"minecraft:wooden_axe":1,"minecraft:iron_pickaxe":1,"minecraft:white_wool":1,"minecraft:bucket":1,"minecraft:acacia_planks":1,"minecraft:bone":7,"minecraft:smooth_basalt":8,"minecraft:cooked_chicken":4,"minecraft:raw_copper":3,"minecraft:tuff":7,"minecraft:raw_iron":4,"minecraft:chicken":8,"minecraft:rotten_flesh":6,"minecraft:diamond_sword":1,"minecraft:poppy":2,"minecraft:gunpowder":2,"minecraft:diamond_pickaxe":1,"minecraft:oak_sapling":6,"minecraft:acacia_sapling":9,"minecraft:chainmail_boots":18,"minecraft:spider_eye":1,"minecraft:arrow":3,"minecraft:bow":1,"minecraft:beef":8,"minecraft:stone_pickaxe":1,"minecraft:wooden_pickaxe":1,"minecraft:calcite":7},"minecraft:picked_up":{"minecraft:iron_chestplate":1,"minecraft:crafting_table":9,"minecraft:wheat":121,"minecraft:chainmail_boots":6,"minecraft:chicken":13,"minecraft:smithing_table":3,"minecraft:gold_block":2,"minecraft:enchanted_book":1,"minecraft:brewing_stand":1,"minecraft:amethyst_block":12,"minecraft:string":9,"minecraft:red_bed":27,"minecraft:raw_copper":6,"minecraft:cobbled_deepslate":110,"minecraft:bucket":1,"minecraft:beef":40,"minecraft:oak_boat":4,"minecraft:calcite":7,"minecraft:poppy":2,"minecraft:iron_pickaxe":3,"minecraft:melon_slice":10,"minecraft:sugar_cane":57,"minecraft:birch_sapling":2,"minecraft:furnace":10,"minecraft:egg":6,"minecraft:golden_helmet":1,"minecraft:raw_iron":322,"minecraft:stick":167,"minecraft:composter":16,"minecraft:oak_fence":2,"minecraft:torch":61,"minecraft:acacia_log":346,"minecraft:porkchop":32,"minecraft:cherry_log":15,"minecraft:diorite":2,"minecraft:redstone":197,"minecraft:orange_bed":11,"minecraft:cactus":6,"minecraft:arrow":24,"minecraft:rotten_flesh":29,"minecraft:hay_block":24,"minecraft:armadillo_scute":3,"minecraft:mutton":7,"minecraft:white_wool":6,"minecraft:cobblestone":216,"minecraft:stripped_oak_log":1,"minecraft:birch_log":13,"minecraft:lime_bed":1,"minecraft:feather":14,"minecraft:cooked_beef":10,"minecraft:leather":21,"minecraft:smoker":3,"minecraft:flint":14,"minecraft:tuff":45,"minecraft:oak_log":775,"minecraft:golden_boots":4,"minecraft:gunpowder":7,"minecraft:lapis_lazuli":22,"minecraft:dirt":8,"minecraft:bone":29,"minecraft:acacia_planks":44,"minecraft:apple":20,"minecraft:bow":2,"minecraft:wheat_seeds":284,"minecraft:raw_gold":24,"minecraft:bell":1,"minecraft:stone_pickaxe":2,"minecraft:cooked_chicken":12,"minecraft:fletching_table":29,"minecraft:oak_planks":6,"minecraft:acacia_sapling":39,"minecraft:smooth_basalt":8,"minecraft:cooked_porkchop":4,"minecraft:raw_iron_block":2,"minecraft:gravel":103,"minecraft:amethyst_shard":24,"minecraft:blast_furnace":1,"minecraft:white_bed":2,"minecraft:dead_bush":8,"minecraft:spider_eye":2,"minecraft:diamond":4,"minecraft:iron_helmet":4,"minecraft:granite":4,"minecraft:cherry_sapling":4,"minecraft:golden_apple":1,"minecraft:chainmail_helmet":11,"minecraft:bread":10,"minecraft:emerald":25,"minecraft:oak_sapling":187,"minecraft:acacia_slab":1,"minecraft:melon_seeds":21,"minecraft:coal":147},"minecraft:crafted":{"minecraft:grindstone":1,"minecraft:smooth_stone":3,"minecraft:oak_planks":3036,"minecraft:chainmail_helmet":15,"minecraft:stone_shovel":1,"minecraft:furnace":3,"minecraft:blast_furnace":1,"minecraft:stone":6,"minecraft:cooked_mutton":5,"minecraft:flint_and_steel":1,"minecraft:diamond_leggings":1,"minecraft:diamond_helmet":1,"minecraft:bow":1,"minecraft:iron_axe":20,"minecraft:iron_hoe":1,"minecraft:stone_pickaxe":7,"minecraft:chest":4,"minecraft:diamond_boots":1,"minecraft:redstone_block":21,"minecraft:wheat":162,"minecraft:cooked_beef":26,"minecraft:arrow":16,"minecraft:diamond_sword":2,"minecraft:emerald":296,"minecraft:cooked_porkchop":28,"minecraft:diamond_axe":1,"minecraft:crafting_table":2,"minecraft:acacia_slab":12,"minecraft:wooden_pickaxe":1,"minecraft:iron_helmet":10,"minecraft:acacia_trapdoor":8,"minecraft:fletching_table":8,"minecraft:bucket":1,"minecraft:birch_planks":52,"minecraft:stone_axe":12,"minecraft:bread":85,"minecraft:air":0,"minecraft:oak_boat":1,"minecraft:diamond_pickaxe":2,"minecraft:shield":3,"minecraft:stick":8080,"minecraft:stone_slab":6,"minecraft:iron_ingot":288,"minecraft:chainmail_boots":12,"minecraft:iron_pickaxe":3,"minecraft:wooden_axe":1,"minecraft:iron_block":15,"minecraft:stone_sword":1,"minecraft:white_bed":1,"minecraft:acacia_planks":1336,"minecraft:torch":92,"minecraft:diamond_chestplate":1},"minecraft:killed":{"minecraft:spider":9,"minecraft:skeleton":25,"minecraft:chicken":13,"minecraft:husk":1,"minecraft:pig":15,"minecraft:zombie_villager":1,"minecraft:creeper":5,"minecraft:sheep":6,"minecraft:zombie":30,"minecraft:cow":15},"minecraft:killed_by":{"minecraft:player":4,"minecraft:iron_golem":2,"minecraft:skeleton":1,"minecraft:zombie":1}},"DataVersion":3955}