{"stats":{"minecraft:mined":{"minecraft:acacia_leaves":5,"minecraft:red_bed":2,"minecraft:crafting_table":1,"minecraft:short_grass":8,"minecraft:acacia_log":6,"minecraft:grass_block":3,"minecraft:melon":17,"minecraft:dead_bush":11,"minecraft:lime_carpet":1,"minecraft:cyan_bed":1,"minecraft:sugar_cane":7,"minecraft:hay_block":32,"minecraft:birch_log":5,"minecraft:iron_ore":9,"minecraft:white_carpet":1,"minecraft:oak_log":223,"minecraft:coal_ore":25,"minecraft:sand":29,"minecraft:dirt":12,"minecraft:green_carpet":1,"minecraft:stonecutter":1,"minecraft:stone":23,"minecraft:oak_leaves":30},"minecraft:custom":{"minecraft:mob_kills":7,"minecraft:traded_with_villager":51,"minecraft:interact_with_crafting_table":15,"minecraft:bell_ring":1,"minecraft:leave_game":4,"minecraft:time_since_death":34717,"minecraft:sleep_in_bed":2,"minecraft:climb_one_cm":299,"minecraft:time_since_rest":11567,"minecraft:sprint_one_cm":305465,"minecraft:damage_taken":2470,"minecraft:walk_one_cm":288689,"minecraft:drop":46,"minecraft:damage_dealt":2054,"minecraft:swim_one_cm":28247,"minecraft:talked_to_villager":21,"minecraft:fly_one_cm":529157,"minecraft:player_kills":4,"minecraft:open_chest":17,"minecraft:crouch_one_cm":7666,"minecraft:play_time":94919,"minecraft:deaths":6,"minecraft:sneak_time":3625,"minecraft:walk_under_water_one_cm":11426,"minecraft:jump":2159,"minecraft:walk_on_water_one_cm":8847,"minecraft:total_world_time":94919,"minecraft:fall_one_cm":69549,"minecraft:horse_one_cm":742},"minecraft:used":{"minecraft:stone_sword":9,"minecraft:rabbit":1,"minecraft:stone_pickaxe":22,"minecraft:wooden_pickaxe":36,"minecraft:diamond_axe":129,"minecraft:torch":13,"minecraft:sand":28,"minecraft:white_carpet":1,"minecraft:crafting_table":3,"minecraft:red_bed":1,"minecraft:wooden_axe":26,"minecraft:lime_carpet":1,"minecraft:iron_axe":79,"minecraft:bread":29,"minecraft:stone_axe":32,"minecraft:furnace":1},"minecraft:dropped":{"minecraft:enchanted_book":1,"minecraft:iron_ingot":2,"minecraft:bread":10,"minecraft:iron_sword":1,"minecraft:wheat_seeds":2,"minecraft:diamond":1,"minecraft:crafting_table":2,"minecraft:rotten_flesh":4,"minecraft:cobblestone":7,"minecraft:emerald":5,"minecraft:hay_block":11,"minecraft:diorite":5,"minecraft:wooden_axe":1,"minecraft:andesite":9,"minecraft:acacia_sapling":1,"minecraft:oak_sapling":3,"minecraft:dead_bush":8,"minecraft:iron_axe":1,"minecraft:stone_pickaxe":1,"minecraft:gold_ingot":6,"minecraft:bone":1},"minecraft:picked_up":{"minecraft:wooden_axe":1,"minecraft:birch_log":5,"minecraft:iron_chestplate":1,"minecraft:crafting_table":4,"minecraft:dune_armor_trim_smithing_template":2,"minecraft:wheat":144,"minecraft:andesite":18,"minecraft:leather":4,"minecraft:wooden_pickaxe":1,"minecraft:potato":2,"minecraft:enchanted_book":1,"minecraft:oak_log":223,"minecraft:dirt":30,"minecraft:red_bed":2,"minecraft:white_carpet":1,"minecraft:bone":2,"minecraft:stonecutter":1,"minecraft:wheat_seeds":2,"minecraft:beef":3,"minecraft:iron_ingot":6,"minecraft:stone_pickaxe":1,"minecraft:rabbit":1,"minecraft:melon_slice":83,"minecraft:sugar_cane":19,"minecraft:iron_sword":1,"minecraft:acacia_sapling":1,"minecraft:oak_planks":2,"minecraft:stick":17,"minecraft:raw_iron":24,"minecraft:torch":3,"minecraft:acacia_log":6,"minecraft:sand":28,"minecraft:diorite":10,"minecraft:dead_bush":24,"minecraft:cyan_bed":2,"minecraft:arrow":2,"minecraft:stone_sword":1,"minecraft:lime_carpet":1,"minecraft:rotten_flesh":8,"minecraft:diamond":3,"minecraft:iron_helmet":1,"minecraft:hay_block":38,"minecraft:emerald":10,"minecraft:bread":32,"minecraft:gold_ingot":16,"minecraft:oak_sapling":3,"minecraft:coal":46,"minecraft:cobblestone":36},"minecraft:crafted":{"minecraft:oak_planks":852,"minecraft:emerald":50,"minecraft:diamond_axe":1,"minecraft:crafting_table":2,"minecraft:wooden_pickaxe":1,"minecraft:furnace":1,"minecraft:stone_axe":1,"minecraft:bread":42,"minecraft:air":0,"minecraft:stick":1694,"minecraft:stone_pickaxe":2,"minecraft:wooden_axe":1,"minecraft:stone_sword":1,"minecraft:acacia_planks":24,"minecraft:torch":16,"minecraft:wheat":189},"minecraft:killed_by":{"minecraft:player":2,"minecraft:skeleton":1,"minecraft:zombie":1,"minecraft:pillager":1},"minecraft:killed":{"minecraft:husk":1,"minecraft:rabbit":1,"minecraft:spider":1,"minecraft:zombie":3}},"DataVersion":3955}