{"stats":{"minecraft:mined":{"minecraft:acacia_leaves":15,"minecraft:red_bed":3,"minecraft:crafting_table":1,"minecraft:short_grass":12,"minecraft:acacia_log":70,"minecraft:grass_block":3,"minecraft:melon":17,"minecraft:dead_bush":11,"minecraft:lime_carpet":1,"minecraft:cyan_bed":1,"minecraft:sugar_cane":7,"minecraft:hay_block":32,"minecraft:birch_log":18,"minecraft:iron_ore":9,"minecraft:white_carpet":1,"minecraft:oak_log":489,"minecraft:coal_ore":25,"minecraft:sand":29,"minecraft:dirt":12,"minecraft:green_carpet":1,"minecraft:acacia_planks":5,"minecraft:stonecutter":1,"minecraft:stone":23,"minecraft:oak_leaves":75},"minecraft:custom":{"minecraft:mob_kills":7,"minecraft:traded_with_villager":131,"minecraft:interact_with_crafting_table":15,"minecraft:bell_ring":3,"minecraft:leave_game":4,"minecraft:time_since_death":58717,"minecraft:sleep_in_bed":4,"minecraft:climb_one_cm":299,"minecraft:time_since_rest":9272,"minecraft:sprint_one_cm":390671,"minecraft:damage_taken":2489,"minecraft:walk_one_cm":327297,"minecraft:drop":61,"minecraft:damage_dealt":2054,"minecraft:swim_one_cm":28247,"minecraft:talked_to_villager":73,"minecraft:fly_one_cm":582514,"minecraft:player_kills":4,"minecraft:open_chest":24,"minecraft:crouch_one_cm":8254,"minecraft:play_time":118919,"minecraft:deaths":6,"minecraft:sneak_time":4038,"minecraft:walk_under_water_one_cm":11426,"minecraft:jump":2467,"minecraft:walk_on_water_one_cm":8847,"minecraft:total_world_time":118919,"minecraft:fall_one_cm":81709,"minecraft:horse_one_cm":742},"minecraft:used":{"minecraft:stone_sword":9,"minecraft:rabbit":1,"minecraft:stone_pickaxe":22,"minecraft:wooden_pickaxe":36,"minecraft:diamond_axe":497,"minecraft:torch":13,"minecraft:sand":28,"minecraft:white_carpet":1,"minecraft:crafting_table":3,"minecraft:red_bed":2,"minecraft:wooden_axe":26,"minecraft:lime_carpet":1,"minecraft:iron_axe":79,"minecraft:bread":33,"minecraft:oak_button":1,"minecraft:stone_axe":32,"minecraft:furnace":1,"minecraft:acacia_planks":5},"minecraft:dropped":{"minecraft:enchanted_book":1,"minecraft:iron_ingot":3,"minecraft:bread":10,"minecraft:iron_sword":1,"minecraft:stone_axe":1,"minecraft:wheat_seeds":3,"minecraft:diamond":1,"minecraft:crafting_table":2,"minecraft:iron_helmet":1,"minecraft:rotten_flesh":4,"minecraft:cobblestone":7,"minecraft:stick":2,"minecraft:emerald":5,"minecraft:dirt":15,"minecraft:hay_block":11,"minecraft:oak_button":63,"minecraft:diorite":5,"minecraft:iron_chestplate":1,"minecraft:wooden_axe":1,"minecraft:andesite":9,"minecraft:acacia_sapling":1,"minecraft:oak_sapling":10,"minecraft:dead_bush":8,"minecraft:iron_axe":1,"minecraft:wooden_pickaxe":1,"minecraft:stone_pickaxe":5,"minecraft:gold_ingot":6,"minecraft:bone":1},"minecraft:picked_up":{"minecraft:wooden_axe":1,"minecraft:birch_log":18,"minecraft:iron_chestplate":1,"minecraft:crafting_table":4,"minecraft:dune_armor_trim_smithing_template":2,"minecraft:wheat":144,"minecraft:andesite":18,"minecraft:leather":4,"minecraft:wooden_pickaxe":2,"minecraft:potato":2,"minecraft:enchanted_book":1,"minecraft:oak_log":489,"minecraft:dirt":30,"minecraft:red_bed":3,"minecraft:white_carpet":1,"minecraft:bone":2,"minecraft:acacia_planks":5,"minecraft:stonecutter":1,"minecraft:wheat_seeds":4,"minecraft:beef":3,"minecraft:iron_ingot":6,"minecraft:stone_pickaxe":5,"minecraft:rabbit":1,"minecraft:melon_slice":83,"minecraft:sugar_cane":19,"minecraft:iron_sword":1,"minecraft:acacia_sapling":2,"minecraft:oak_planks":2,"minecraft:stick":28,"minecraft:raw_iron":24,"minecraft:torch":3,"minecraft:acacia_log":69,"minecraft:sand":28,"minecraft:diorite":10,"minecraft:dead_bush":24,"minecraft:cyan_bed":2,"minecraft:arrow":2,"minecraft:stone_sword":1,"minecraft:lime_carpet":1,"minecraft:rotten_flesh":8,"minecraft:diamond":3,"minecraft:stone_axe":1,"minecraft:iron_helmet":1,"minecraft:hay_block":38,"minecraft:emerald":10,"minecraft:bread":32,"minecraft:gold_ingot":16,"minecraft:oak_button":32,"minecraft:oak_sapling":10,"minecraft:coal":46,"minecraft:cobblestone":36},"minecraft:crafted":{"minecraft:oak_planks":1892,"minecraft:emerald":123,"minecraft:diamond_axe":1,"minecraft:crafting_table":2,"minecraft:wooden_pickaxe":1,"minecraft:furnace":1,"minecraft:birch_planks":72,"minecraft:stone_axe":2,"minecraft:bread":42,"minecraft:air":0,"minecraft:diamond_helmet":1,"minecraft:diamond_leggings":1,"minecraft:stick":3876,"minecraft:stone_pickaxe":4,"minecraft:wooden_axe":1,"minecraft:stone_sword":1,"minecraft:oak_button":32,"minecraft:diamond_boots":1,"minecraft:acacia_planks":24,"minecraft:torch":16,"minecraft:diamond_chestplate":1,"minecraft:wheat":189},"minecraft:killed_by":{"minecraft:player":2,"minecraft:skeleton":1,"minecraft:zombie":1,"minecraft:pillager":1},"minecraft:killed":{"minecraft:husk":1,"minecraft:rabbit":1,"minecraft:spider":1,"minecraft:zombie":3}},"DataVersion":3955}