{"stats":{"minecraft:crafted":{"minecraft:oak_planks":16,"minecraft:crafting_table":2,"minecraft:wooden_pickaxe":1,"minecraft:stone_pickaxe":1,"minecraft:wooden_axe":1,"minecraft:torch":4,"minecraft:bread":42,"minecraft:wheat":189},"minecraft:used":{"minecraft:wooden_axe":7,"minecraft:rabbit":1,"minecraft:lime_carpet":1,"minecraft:bread":16,"minecraft:wooden_pickaxe":36,"minecraft:torch":1,"minecraft:sand":28,"minecraft:white_carpet":1,"minecraft:crafting_table":2},"minecraft:custom":{"minecraft:time_since_rest":19282,"minecraft:sprint_one_cm":179946,"minecraft:damage_taken":1853,"minecraft:walk_one_cm":177658,"minecraft:mob_kills":5,"minecraft:drop":27,"minecraft:damage_dealt":1625,"minecraft:swim_one_cm":20183,"minecraft:interact_with_crafting_table":9,"minecraft:fly_one_cm":340376,"minecraft:player_kills":4,"minecraft:open_chest":6,"minecraft:crouch_one_cm":5786,"minecraft:play_time":48786,"minecraft:deaths":5,"minecraft:sneak_time":2865,"minecraft:bell_ring":1,"minecraft:walk_under_water_one_cm":11134,"minecraft:jump":1328,"minecraft:leave_game":3,"minecraft:walk_on_water_one_cm":7569,"minecraft:time_since_death":25740,"minecraft:sleep_in_bed":1,"minecraft:climb_one_cm":299,"minecraft:total_world_time":48786,"minecraft:fall_one_cm":48063,"minecraft:horse_one_cm":742},"minecraft:dropped":{"minecraft:bread":10,"minecraft:enchanted_book":1,"minecraft:iron_ingot":2,"minecraft:hay_block":11,"minecraft:diamond":1,"minecraft:stone_pickaxe":1,"minecraft:gold_ingot":6,"minecraft:emerald":2},"minecraft:killed_by":{"minecraft:player":2,"minecraft:zombie":1,"minecraft:pillager":1},"minecraft:killed":{"minecraft:husk":1,"minecraft:zombie":2,"minecraft:rabbit":1},"minecraft:picked_up":{"minecraft:stick":13,"minecraft:dune_armor_trim_smithing_template":1,"minecraft:wheat":54,"minecraft:potato":1,"minecraft:enchanted_book":1,"minecraft:sand":28,"minecraft:oak_log":4,"minecraft:dead_bush":16,"minecraft:cyan_bed":1,"minecraft:dirt":15,"minecraft:white_carpet":1,"minecraft:lime_carpet":1,"minecraft:rotten_flesh":4,"minecraft:diamond":2,"minecraft:hay_block":38,"minecraft:iron_ingot":4,"minecraft:gold_ingot":11,"minecraft:emerald":3,"minecraft:rabbit":1,"minecraft:bread":9,"minecraft:sugar_cane":14,"minecraft:coal":23,"minecraft:cobblestone":14},"minecraft:mined":{"minecraft:hay_block":32,"minecraft:white_carpet":1,"minecraft:short_grass":1,"minecraft:coal_ore":23,"minecraft:grass_block":3,"minecraft:oak_log":4,"minecraft:dead_bush":11,"minecraft:lime_carpet":1,"minecraft:dirt":12,"minecraft:sand":29,"minecraft:green_carpet":1,"minecraft:stone":13,"minecraft:cyan_bed":1,"minecraft:sugar_cane":5,"minecraft:oak_leaves":3}},"DataVersion":3955}