{"stats":{"minecraft:mined":{"minecraft:hay_block":6,"minecraft:sand":27,"minecraft:sugar_cane":5},"minecraft:used":{"minecraft:sand":26,"minecraft:bread":8},"minecraft:custom":{"minecraft:open_chest":1,"minecraft:time_since_rest":6777,"minecraft:crouch_one_cm":284,"minecraft:sprint_one_cm":125195,"minecraft:play_time":19847,"minecraft:walk_one_cm":18314,"minecraft:damage_taken":1294,"minecraft:deaths":4,"minecraft:sneak_time":89,"minecraft:walk_under_water_one_cm":221,"minecraft:mob_kills":1,"minecraft:jump":983,"minecraft:damage_dealt":478,"minecraft:leave_game":2,"minecraft:time_since_death":6754,"minecraft:walk_on_water_one_cm":1044,"minecraft:total_world_time":19847,"minecraft:swim_one_cm":9760,"minecraft:fall_one_cm":39698,"minecraft:fly_one_cm":274598,"minecraft:player_kills":2,"minecraft:horse_one_cm":742},"minecraft:picked_up":{"minecraft:wheat":27,"minecraft:hay_block":6,"minecraft:sand":26,"minecraft:bread":9,"minecraft:dead_bush":8,"minecraft:sugar_cane":14},"minecraft:killed_by":{"minecraft:zombie":1,"minecraft:player":1,"minecraft:pillager":1}},"DataVersion":3955}