{"stats":{"minecraft:mined":{"minecraft:sand":24,"minecraft:sugar_cane":5},"minecraft:used":{"minecraft:sand":23},"minecraft:custom":{"minecraft:open_chest":1,"minecraft:time_since_rest":449,"minecraft:crouch_one_cm":284,"minecraft:sprint_one_cm":50607,"minecraft:play_time":7847,"minecraft:walk_one_cm":9420,"minecraft:damage_taken":440,"minecraft:deaths":2,"minecraft:sneak_time":79,"minecraft:mob_kills":1,"minecraft:jump":340,"minecraft:damage_dealt":33,"minecraft:leave_game":2,"minecraft:time_since_death":0,"minecraft:walk_on_water_one_cm":203,"minecraft:total_world_time":7847,"minecraft:fall_one_cm":13991,"minecraft:fly_one_cm":86565},"minecraft:picked_up":{"minecraft:sand":23,"minecraft:sugar_cane":14},"minecraft:killed_by":{"minecraft:zombie":1,"minecraft:pillager":1}},"DataVersion":3955}