{"stats":{"minecraft:mined":{"minecraft:red_bed":1,"minecraft:crafting_table":1,"minecraft:short_grass":6,"minecraft:grass_block":3,"minecraft:melon":17,"minecraft:dead_bush":11,"minecraft:lime_carpet":1,"minecraft:cyan_bed":1,"minecraft:sugar_cane":7,"minecraft:hay_block":32,"minecraft:iron_ore":9,"minecraft:white_carpet":1,"minecraft:oak_log":35,"minecraft:coal_ore":25,"minecraft:sand":29,"minecraft:dirt":12,"minecraft:green_carpet":1,"minecraft:stonecutter":1,"minecraft:stone":23,"minecraft:oak_leaves":7},"minecraft:custom":{"minecraft:mob_kills":7,"minecraft:traded_with_villager":5,"minecraft:interact_with_crafting_table":15,"minecraft:bell_ring":1,"minecraft:leave_game":4,"minecraft:time_since_death":22717,"minecraft:sleep_in_bed":1,"minecraft:climb_one_cm":299,"minecraft:time_since_rest":22786,"minecraft:sprint_one_cm":250640,"minecraft:damage_taken":2308,"minecraft:walk_one_cm":269602,"minecraft:drop":37,"minecraft:damage_dealt":2054,"minecraft:swim_one_cm":28247,"minecraft:talked_to_villager":4,"minecraft:fly_one_cm":480438,"minecraft:player_kills":4,"minecraft:open_chest":16,"minecraft:crouch_one_cm":7666,"minecraft:play_time":82919,"minecraft:deaths":6,"minecraft:sneak_time":3623,"minecraft:walk_under_water_one_cm":11426,"minecraft:jump":1988,"minecraft:walk_on_water_one_cm":8847,"minecraft:total_world_time":82919,"minecraft:fall_one_cm":63105,"minecraft:horse_one_cm":742},"minecraft:used":{"minecraft:stone_sword":9,"minecraft:rabbit":1,"minecraft:stone_pickaxe":22,"minecraft:wooden_pickaxe":36,"minecraft:torch":13,"minecraft:sand":28,"minecraft:white_carpet":1,"minecraft:crafting_table":3,"minecraft:red_bed":1,"minecraft:wooden_axe":26,"minecraft:lime_carpet":1,"minecraft:bread":24,"minecraft:stone_axe":32,"minecraft:furnace":1},"minecraft:dropped":{"minecraft:enchanted_book":1,"minecraft:iron_ingot":2,"minecraft:bread":10,"minecraft:wheat_seeds":1,"minecraft:diamond":1,"minecraft:crafting_table":2,"minecraft:rotten_flesh":4,"minecraft:cobblestone":7,"minecraft:emerald":2,"minecraft:hay_block":11,"minecraft:diorite":5,"minecraft:wooden_axe":1,"minecraft:andesite":9,"minecraft:dead_bush":8,"minecraft:stone_pickaxe":1,"minecraft:gold_ingot":6,"minecraft:bone":1},"minecraft:picked_up":{"minecraft:wooden_axe":1,"minecraft:crafting_table":4,"minecraft:dune_armor_trim_smithing_template":2,"minecraft:wheat":144,"minecraft:andesite":18,"minecraft:leather":4,"minecraft:wooden_pickaxe":1,"minecraft:potato":2,"minecraft:enchanted_book":1,"minecraft:oak_log":35,"minecraft:dirt":30,"minecraft:red_bed":1,"minecraft:white_carpet":1,"minecraft:bone":2,"minecraft:stonecutter":1,"minecraft:wheat_seeds":1,"minecraft:beef":3,"minecraft:iron_ingot":6,"minecraft:stone_pickaxe":1,"minecraft:rabbit":1,"minecraft:melon_slice":83,"minecraft:sugar_cane":19,"minecraft:oak_planks":2,"minecraft:stick":14,"minecraft:raw_iron":24,"minecraft:torch":3,"minecraft:sand":28,"minecraft:diorite":10,"minecraft:dead_bush":24,"minecraft:cyan_bed":2,"minecraft:arrow":2,"minecraft:stone_sword":1,"minecraft:lime_carpet":1,"minecraft:rotten_flesh":8,"minecraft:diamond":3,"minecraft:hay_block":38,"minecraft:emerald":10,"minecraft:bread":32,"minecraft:gold_ingot":16,"minecraft:coal":46,"minecraft:cobblestone":36},"minecraft:crafted":{"minecraft:oak_planks":100,"minecraft:emerald":5,"minecraft:crafting_table":2,"minecraft:wooden_pickaxe":1,"minecraft:furnace":1,"minecraft:stone_axe":1,"minecraft:bread":42,"minecraft:air":0,"minecraft:stick":168,"minecraft:stone_pickaxe":2,"minecraft:wooden_axe":1,"minecraft:stone_sword":1,"minecraft:torch":16,"minecraft:wheat":189},"minecraft:killed_by":{"minecraft:player":2,"minecraft:skeleton":1,"minecraft:zombie":1,"minecraft:pillager":1},"minecraft:killed":{"minecraft:husk":1,"minecraft:rabbit":1,"minecraft:spider":1,"minecraft:zombie":3}},"DataVersion":3955}