{"stats":{"minecraft:mined":{"minecraft:dark_oak_leaves":88,"minecraft:acacia_log":150,"minecraft:grass_block":6,"minecraft:spruce_leaves":20,"minecraft:large_fern":2,"minecraft:hay_block":32,"minecraft:iron_ore":9,"minecraft:pumpkin":9,"minecraft:packed_ice":2,"minecraft:green_carpet":1,"minecraft:stone":23,"minecraft:smithing_table":1,"minecraft:acacia_leaves":21,"minecraft:red_bed":4,"minecraft:powder_snow":4,"minecraft:crafting_table":1,"minecraft:short_grass":36,"minecraft:blast_furnace":1,"minecraft:melon":17,"minecraft:dead_bush":11,"minecraft:lime_carpet":1,"minecraft:cobblestone":2,"minecraft:tall_grass":8,"minecraft:cyan_bed":11,"minecraft:grindstone":1,"minecraft:sugar_cane":16,"minecraft:birch_log":24,"minecraft:white_carpet":1,"minecraft:birch_leaves":1,"minecraft:oak_log":728,"minecraft:coal_ore":25,"minecraft:sand":29,"minecraft:dirt":13,"minecraft:red_mushroom_block":1,"minecraft:acacia_planks":7,"minecraft:stonecutter":1,"minecraft:oak_leaves":127,"minecraft:fern":2},"minecraft:custom":{"minecraft:mob_kills":17,"minecraft:interact_with_crafting_table":17,"minecraft:open_barrel":3,"minecraft:bell_ring":3,"minecraft:leave_game":6,"minecraft:time_since_death":267863,"minecraft:climb_one_cm":356,"minecraft:sprint_one_cm":1296301,"minecraft:walk_one_cm":576380,"minecraft:drop":153,"minecraft:talked_to_villager":129,"minecraft:play_time":328065,"minecraft:deaths":6,"minecraft:sneak_time":7794,"minecraft:walk_under_water_one_cm":25178,"minecraft:boat_one_cm":801109,"minecraft:jump":7707,"minecraft:interact_with_blast_furnace":3,"minecraft:walk_on_water_one_cm":36333,"minecraft:total_world_time":328065,"minecraft:traded_with_villager":291,"minecraft:sleep_in_bed":17,"minecraft:time_since_rest":9958,"minecraft:damage_taken":3636,"minecraft:damage_dealt":3856,"minecraft:swim_one_cm":124651,"minecraft:fly_one_cm":1921143,"minecraft:player_kills":4,"minecraft:open_chest":41,"minecraft:crouch_one_cm":16223,"minecraft:interact_with_smoker":1,"minecraft:fall_one_cm":243679,"minecraft:horse_one_cm":4505},"minecraft:used":{"minecraft:stone_sword":9,"minecraft:flint_and_steel":41,"minecraft:torch":13,"minecraft:dirt":3,"minecraft:white_carpet":1,"minecraft:wooden_axe":26,"minecraft:iron_axe":79,"minecraft:beef":3,"minecraft:furnace":1,"minecraft:egg":1,"minecraft:acacia_planks":7,"minecraft:pumpkin":5,"minecraft:rabbit":1,"minecraft:stone_pickaxe":25,"minecraft:wooden_pickaxe":36,"minecraft:diamond_axe":845,"minecraft:sand":28,"minecraft:crafting_table":3,"minecraft:red_bed":2,"minecraft:diamond_pickaxe":5,"minecraft:lime_carpet":1,"minecraft:melon_slice":67,"minecraft:bread":81,"minecraft:cyan_bed":10,"minecraft:oak_button":1,"minecraft:stone_axe":32,"minecraft:diamond_sword":27,"minecraft:oak_boat":12},"minecraft:dropped":{"minecraft:enchanted_book":1,"minecraft:iron_ingot":3,"minecraft:bread":10,"minecraft:iron_sword":1,"minecraft:wheat_seeds":8,"minecraft:diamond":1,"minecraft:crafting_table":2,"minecraft:iron_helmet":1,"minecraft:cobblestone":7,"minecraft:stick":24,"minecraft:emerald":14,"minecraft:dirt":17,"minecraft:red_bed":1,"minecraft:diorite":5,"minecraft:wooden_axe":1,"minecraft:dead_bush":8,"minecraft:iron_axe":1,"minecraft:iron_pickaxe":2,"minecraft:birch_log":6,"minecraft:gold_ingot":6,"minecraft:bone":1,"minecraft:stone_axe":23,"minecraft:stone_sword":1,"minecraft:rotten_flesh":7,"minecraft:oak_planks":3,"minecraft:smoker":1,"minecraft:filled_map":1,"minecraft:hay_block":11,"minecraft:oak_button":95,"minecraft:iron_chestplate":1,"minecraft:andesite":9,"minecraft:acacia_sapling":4,"minecraft:oak_sapling":24,"minecraft:arrow":3,"minecraft:wooden_pickaxe":2,"minecraft:stone_pickaxe":42},"minecraft:picked_up":{"minecraft:wooden_axe":1,"minecraft:crafting_table":4,"minecraft:iron_chestplate":1,"minecraft:wheat":144,"minecraft:chicken":4,"minecraft:smithing_table":1,"minecraft:diamond_sword":1,"minecraft:wooden_pickaxe":2,"minecraft:enchanted_book":1,"minecraft:red_bed":4,"minecraft:white_carpet":1,"minecraft:beef":3,"minecraft:oak_boat":12,"minecraft:melon_slice":83,"minecraft:sugar_cane":38,"minecraft:egg":1,"minecraft:dark_oak_sapling":3,"minecraft:stick":53,"minecraft:raw_iron":24,"minecraft:torch":3,"minecraft:acacia_log":148,"minecraft:cherry_log":2,"minecraft:diorite":10,"minecraft:lime_carpet":1,"minecraft:arrow":4,"minecraft:stone_sword":1,"minecraft:rotten_flesh":11,"minecraft:hay_block":38,"minecraft:gold_ingot":16,"minecraft:cobblestone":36,"minecraft:birch_log":30,"minecraft:dune_armor_trim_smithing_template":2,"minecraft:feather":5,"minecraft:andesite":18,"minecraft:leather":4,"minecraft:smoker":1,"minecraft:potato":2,"minecraft:oak_log":727,"minecraft:dirt":35,"minecraft:bone":11,"minecraft:acacia_planks":7,"minecraft:stonecutter":1,"minecraft:wheat_seeds":8,"minecraft:grindstone":1,"minecraft:iron_ingot":6,"minecraft:stone_pickaxe":5,"minecraft:rabbit":1,"minecraft:acacia_sapling":4,"minecraft:iron_sword":1,"minecraft:oak_planks":2,"minecraft:pumpkin":7,"minecraft:sand":28,"minecraft:blast_furnace":1,"minecraft:dead_bush":24,"minecraft:cyan_bed":12,"minecraft:diamond":3,"minecraft:stone_axe":1,"minecraft:iron_helmet":1,"minecraft:emerald":66,"minecraft:bread":32,"minecraft:oak_button":32,"minecraft:oak_sapling":24,"minecraft:coal":54,"minecraft:diamond_pickaxe":1},"minecraft:crafted":{"minecraft:oak_planks":2908,"minecraft:furnace":1,"minecraft:diamond_helmet":1,"minecraft:diamond_leggings":1,"minecraft:stone_pickaxe":38,"minecraft:diamond_boots":1,"minecraft:oak_button":64,"minecraft:wheat":189,"minecraft:emerald":224,"minecraft:diamond_axe":1,"minecraft:crafting_table":2,"minecraft:wooden_pickaxe":1,"minecraft:birch_planks":96,"minecraft:stone_axe":24,"minecraft:bread":72,"minecraft:air":0,"minecraft:oak_boat":1,"minecraft:stick":7006,"minecraft:iron_pickaxe":3,"minecraft:wooden_axe":1,"minecraft:stone_sword":1,"minecraft:acacia_planks":592,"minecraft:torch":16,"minecraft:diamond_chestplate":1},"minecraft:killed":{"minecraft:spider":1,"minecraft:skeleton":1,"minecraft:chicken":4,"minecraft:husk":1,"minecraft:rabbit":1,"minecraft:zombie":8},"minecraft:killed_by":{"minecraft:player":2,"minecraft:pillager":1,"minecraft:skeleton":1,"minecraft:zombie":1}},"DataVersion":3955}