{"stats":{"minecraft:mined":{"minecraft:crafting_table":1,"minecraft:short_grass":1,"minecraft:grass_block":3,"minecraft:dead_bush":11,"minecraft:lime_carpet":1,"minecraft:cyan_bed":1,"minecraft:sugar_cane":5,"minecraft:hay_block":32,"minecraft:iron_ore":9,"minecraft:white_carpet":1,"minecraft:oak_log":4,"minecraft:coal_ore":25,"minecraft:sand":29,"minecraft:dirt":12,"minecraft:green_carpet":1,"minecraft:stone":23,"minecraft:oak_leaves":3},"minecraft:custom":{"minecraft:mob_kills":7,"minecraft:interact_with_crafting_table":14,"minecraft:bell_ring":1,"minecraft:leave_game":4,"minecraft:time_since_death":10717,"minecraft:sleep_in_bed":1,"minecraft:climb_one_cm":299,"minecraft:time_since_rest":10786,"minecraft:sprint_one_cm":210276,"minecraft:damage_taken":2208,"minecraft:walk_one_cm":238749,"minecraft:drop":29,"minecraft:damage_dealt":2054,"minecraft:swim_one_cm":26649,"minecraft:fly_one_cm":411879,"minecraft:player_kills":4,"minecraft:open_chest":6,"minecraft:crouch_one_cm":7131,"minecraft:play_time":70919,"minecraft:deaths":6,"minecraft:sneak_time":3476,"minecraft:walk_under_water_one_cm":11309,"minecraft:jump":1742,"minecraft:walk_on_water_one_cm":7977,"minecraft:total_world_time":70919,"minecraft:fall_one_cm":55809,"minecraft:horse_one_cm":742},"minecraft:used":{"minecraft:stone_sword":9,"minecraft:rabbit":1,"minecraft:stone_pickaxe":21,"minecraft:wooden_pickaxe":36,"minecraft:torch":13,"minecraft:sand":28,"minecraft:white_carpet":1,"minecraft:crafting_table":2,"minecraft:wooden_axe":8,"minecraft:lime_carpet":1,"minecraft:bread":21,"minecraft:furnace":1},"minecraft:dropped":{"minecraft:enchanted_book":1,"minecraft:iron_ingot":2,"minecraft:bread":10,"minecraft:diamond":1,"minecraft:crafting_table":2,"minecraft:emerald":2,"minecraft:hay_block":11,"minecraft:stone_pickaxe":1,"minecraft:gold_ingot":6},"minecraft:picked_up":{"minecraft:wooden_axe":1,"minecraft:crafting_table":4,"minecraft:dune_armor_trim_smithing_template":2,"minecraft:wheat":144,"minecraft:andesite":18,"minecraft:wooden_pickaxe":1,"minecraft:potato":2,"minecraft:enchanted_book":1,"minecraft:oak_log":4,"minecraft:dirt":30,"minecraft:white_carpet":1,"minecraft:bone":2,"minecraft:iron_ingot":6,"minecraft:stone_pickaxe":1,"minecraft:rabbit":1,"minecraft:sugar_cane":14,"minecraft:oak_planks":2,"minecraft:stick":13,"minecraft:raw_iron":24,"minecraft:torch":3,"minecraft:sand":28,"minecraft:diorite":10,"minecraft:dead_bush":24,"minecraft:cyan_bed":2,"minecraft:arrow":2,"minecraft:stone_sword":1,"minecraft:lime_carpet":1,"minecraft:rotten_flesh":8,"minecraft:diamond":3,"minecraft:hay_block":38,"minecraft:emerald":4,"minecraft:bread":32,"minecraft:gold_ingot":16,"minecraft:coal":46,"minecraft:cobblestone":36},"minecraft:crafted":{"minecraft:oak_planks":16,"minecraft:crafting_table":2,"minecraft:wooden_pickaxe":1,"minecraft:furnace":1,"minecraft:bread":42,"minecraft:stone_pickaxe":2,"minecraft:wooden_axe":1,"minecraft:stone_sword":1,"minecraft:torch":16,"minecraft:wheat":189},"minecraft:killed_by":{"minecraft:player":2,"minecraft:skeleton":1,"minecraft:zombie":1,"minecraft:pillager":1},"minecraft:killed":{"minecraft:husk":1,"minecraft:rabbit":1,"minecraft:spider":1,"minecraft:zombie":3}},"DataVersion":3955}