{"stats":{"minecraft:mined":{"minecraft:hay_block":6,"minecraft:dead_bush":8,"minecraft:sand":29,"minecraft:green_carpet":1,"minecraft:sugar_cane":5},"minecraft:used":{"minecraft:sand":28,"minecraft:bread":9},"minecraft:custom":{"minecraft:open_chest":3,"minecraft:time_since_rest":4236,"minecraft:crouch_one_cm":714,"minecraft:sprint_one_cm":176198,"minecraft:play_time":27218,"minecraft:walk_one_cm":43280,"minecraft:damage_taken":1618,"minecraft:deaths":5,"minecraft:sneak_time":214,"minecraft:walk_under_water_one_cm":4231,"minecraft:mob_kills":1,"minecraft:jump":1181,"minecraft:damage_dealt":838,"minecraft:leave_game":3,"minecraft:time_since_death":4172,"minecraft:walk_on_water_one_cm":3869,"minecraft:climb_one_cm":299,"minecraft:total_world_time":27218,"minecraft:swim_one_cm":20183,"minecraft:fall_one_cm":46391,"minecraft:fly_one_cm":326004,"minecraft:player_kills":4,"minecraft:horse_one_cm":742},"minecraft:picked_up":{"minecraft:stick":10,"minecraft:wheat":54,"minecraft:hay_block":12,"minecraft:sand":28,"minecraft:bread":9,"minecraft:dead_bush":16,"minecraft:sugar_cane":14},"minecraft:killed_by":{"minecraft:zombie":1,"minecraft:player":2,"minecraft:pillager":1}},"DataVersion":3955}