{"stats":{"minecraft:used":{"minecraft:rabbit":1,"minecraft:lime_carpet":1,"minecraft:bread":9,"minecraft:sand":28,"minecraft:white_carpet":1},"minecraft:custom":{"minecraft:time_since_rest":7282,"minecraft:sprint_one_cm":179543,"minecraft:damage_taken":1718,"minecraft:walk_one_cm":120028,"minecraft:mob_kills":3,"minecraft:drop":11,"minecraft:damage_dealt":1078,"minecraft:swim_one_cm":20183,"minecraft:fly_one_cm":337780,"minecraft:player_kills":4,"minecraft:open_chest":6,"minecraft:crouch_one_cm":778,"minecraft:play_time":36786,"minecraft:deaths":5,"minecraft:sneak_time":224,"minecraft:bell_ring":1,"minecraft:walk_under_water_one_cm":4231,"minecraft:jump":1265,"minecraft:leave_game":3,"minecraft:walk_on_water_one_cm":3869,"minecraft:time_since_death":13740,"minecraft:sleep_in_bed":1,"minecraft:climb_one_cm":299,"minecraft:total_world_time":36786,"minecraft:fall_one_cm":47227,"minecraft:horse_one_cm":742},"minecraft:dropped":{"minecraft:hay_block":11},"minecraft:killed_by":{"minecraft:player":2,"minecraft:zombie":1,"minecraft:pillager":1},"minecraft:killed":{"minecraft:husk":1,"minecraft:rabbit":1},"minecraft:picked_up":{"minecraft:stick":12,"minecraft:wheat":54,"minecraft:potato":1,"minecraft:sand":28,"minecraft:dead_bush":16,"minecraft:cyan_bed":1,"minecraft:white_carpet":1,"minecraft:lime_carpet":1,"minecraft:rotten_flesh":1,"minecraft:hay_block":38,"minecraft:rabbit":1,"minecraft:bread":9,"minecraft:sugar_cane":14},"minecraft:mined":{"minecraft:hay_block":32,"minecraft:white_carpet":1,"minecraft:dead_bush":11,"minecraft:lime_carpet":1,"minecraft:sand":29,"minecraft:green_carpet":1,"minecraft:cyan_bed":1,"minecraft:sugar_cane":5}},"DataVersion":3955}