{"stats":{"minecraft:mined":{"minecraft:acacia_log":150,"minecraft:grass_block":3,"minecraft:hay_block":32,"minecraft:iron_ore":9,"minecraft:green_carpet":1,"minecraft:stone":23,"minecraft:smithing_table":1,"minecraft:acacia_leaves":21,"minecraft:red_bed":4,"minecraft:crafting_table":1,"minecraft:short_grass":31,"minecraft:blast_furnace":1,"minecraft:melon":17,"minecraft:dead_bush":11,"minecraft:lime_carpet":1,"minecraft:cyan_bed":3,"minecraft:grindstone":1,"minecraft:sugar_cane":7,"minecraft:birch_log":24,"minecraft:white_carpet":1,"minecraft:birch_leaves":1,"minecraft:oak_log":728,"minecraft:coal_ore":25,"minecraft:sand":29,"minecraft:dirt":12,"minecraft:acacia_planks":7,"minecraft:stonecutter":1,"minecraft:oak_leaves":114},"minecraft:custom":{"minecraft:mob_kills":13,"minecraft:interact_with_crafting_table":16,"minecraft:bell_ring":3,"minecraft:leave_game":6,"minecraft:time_since_death":117863,"minecraft:climb_one_cm":299,"minecraft:sprint_one_cm":641141,"minecraft:walk_one_cm":424757,"minecraft:drop":143,"minecraft:talked_to_villager":129,"minecraft:play_time":178065,"minecraft:deaths":6,"minecraft:sneak_time":5029,"minecraft:walk_under_water_one_cm":11426,"minecraft:jump":3587,"minecraft:interact_with_blast_furnace":3,"minecraft:walk_on_water_one_cm":8847,"minecraft:total_world_time":178065,"minecraft:traded_with_villager":291,"minecraft:sleep_in_bed":9,"minecraft:time_since_rest":6798,"minecraft:damage_taken":2838,"minecraft:damage_dealt":3274,"minecraft:swim_one_cm":28247,"minecraft:fly_one_cm":826924,"minecraft:player_kills":4,"minecraft:open_chest":27,"minecraft:crouch_one_cm":10923,"minecraft:interact_with_smoker":1,"minecraft:fall_one_cm":120240,"minecraft:horse_one_cm":742},"minecraft:used":{"minecraft:stone_sword":9,"minecraft:torch":13,"minecraft:white_carpet":1,"minecraft:wooden_axe":26,"minecraft:iron_axe":79,"minecraft:furnace":1,"minecraft:acacia_planks":7,"minecraft:rabbit":1,"minecraft:stone_pickaxe":25,"minecraft:wooden_pickaxe":36,"minecraft:diamond_axe":836,"minecraft:sand":28,"minecraft:crafting_table":3,"minecraft:red_bed":2,"minecraft:diamond_pickaxe":3,"minecraft:lime_carpet":1,"minecraft:bread":51,"minecraft:cyan_bed":2,"minecraft:oak_button":1,"minecraft:stone_axe":32,"minecraft:diamond_sword":17},"minecraft:dropped":{"minecraft:enchanted_book":1,"minecraft:iron_ingot":3,"minecraft:bread":10,"minecraft:iron_sword":1,"minecraft:wheat_seeds":7,"minecraft:diamond":1,"minecraft:crafting_table":2,"minecraft:iron_helmet":1,"minecraft:cobblestone":7,"minecraft:stick":15,"minecraft:emerald":14,"minecraft:dirt":15,"minecraft:diorite":5,"minecraft:wooden_axe":1,"minecraft:dead_bush":8,"minecraft:iron_axe":1,"minecraft:iron_pickaxe":2,"minecraft:birch_log":6,"minecraft:gold_ingot":6,"minecraft:bone":1,"minecraft:stone_axe":23,"minecraft:stone_sword":1,"minecraft:rotten_flesh":7,"minecraft:smoker":1,"minecraft:hay_block":11,"minecraft:oak_button":95,"minecraft:iron_chestplate":1,"minecraft:andesite":9,"minecraft:acacia_sapling":4,"minecraft:oak_sapling":24,"minecraft:wooden_pickaxe":2,"minecraft:stone_pickaxe":40},"minecraft:picked_up":{"minecraft:wooden_axe":1,"minecraft:crafting_table":4,"minecraft:iron_chestplate":1,"minecraft:wheat":144,"minecraft:smithing_table":1,"minecraft:diamond_sword":1,"minecraft:wooden_pickaxe":2,"minecraft:enchanted_book":1,"minecraft:red_bed":3,"minecraft:white_carpet":1,"minecraft:beef":3,"minecraft:melon_slice":83,"minecraft:sugar_cane":19,"minecraft:stick":51,"minecraft:raw_iron":24,"minecraft:torch":3,"minecraft:acacia_log":148,"minecraft:diorite":10,"minecraft:lime_carpet":1,"minecraft:arrow":4,"minecraft:stone_sword":1,"minecraft:rotten_flesh":11,"minecraft:hay_block":38,"minecraft:gold_ingot":16,"minecraft:cobblestone":36,"minecraft:birch_log":30,"minecraft:dune_armor_trim_smithing_template":2,"minecraft:andesite":18,"minecraft:leather":4,"minecraft:smoker":1,"minecraft:potato":2,"minecraft:oak_log":727,"minecraft:dirt":30,"minecraft:bone":4,"minecraft:acacia_planks":7,"minecraft:stonecutter":1,"minecraft:wheat_seeds":7,"minecraft:grindstone":1,"minecraft:iron_ingot":6,"minecraft:stone_pickaxe":5,"minecraft:rabbit":1,"minecraft:acacia_sapling":4,"minecraft:iron_sword":1,"minecraft:oak_planks":2,"minecraft:sand":28,"minecraft:blast_furnace":1,"minecraft:dead_bush":24,"minecraft:cyan_bed":4,"minecraft:diamond":3,"minecraft:stone_axe":1,"minecraft:iron_helmet":1,"minecraft:emerald":65,"minecraft:bread":32,"minecraft:oak_button":32,"minecraft:oak_sapling":24,"minecraft:coal":54,"minecraft:diamond_pickaxe":1},"minecraft:crafted":{"minecraft:oak_planks":2908,"minecraft:furnace":1,"minecraft:diamond_helmet":1,"minecraft:diamond_leggings":1,"minecraft:stone_pickaxe":38,"minecraft:diamond_boots":1,"minecraft:oak_button":64,"minecraft:wheat":189,"minecraft:emerald":224,"minecraft:diamond_axe":1,"minecraft:crafting_table":2,"minecraft:wooden_pickaxe":1,"minecraft:birch_planks":96,"minecraft:stone_axe":24,"minecraft:bread":72,"minecraft:air":0,"minecraft:stick":7006,"minecraft:iron_pickaxe":3,"minecraft:wooden_axe":1,"minecraft:stone_sword":1,"minecraft:acacia_planks":592,"minecraft:torch":16,"minecraft:diamond_chestplate":1},"minecraft:killed":{"minecraft:spider":1,"minecraft:skeleton":1,"minecraft:husk":1,"minecraft:rabbit":1,"minecraft:zombie":8},"minecraft:killed_by":{"minecraft:player":2,"minecraft:pillager":1,"minecraft:skeleton":1,"minecraft:zombie":1}},"DataVersion":3955}