{"stats":{"minecraft:crafted":{"minecraft:oak_planks":16,"minecraft:crafting_table":1,"minecraft:stick":4,"minecraft:wooden_pickaxe":1,"minecraft:stone_pickaxe":1,"minecraft:wooden_axe":1,"minecraft:furnace":1,"minecraft:white_bed":1},"minecraft:used":{"minecraft:wooden_axe":27,"minecraft:stone_pickaxe":7,"minecraft:wooden_pickaxe":14,"minecraft:sand":1,"minecraft:crafting_table":4,"minecraft:white_bed":2},"minecraft:custom":{"minecraft:time_since_rest":2898,"minecraft:sprint_one_cm":36350,"minecraft:damage_taken":23,"minecraft:walk_one_cm":24269,"minecraft:mob_kills":6,"minecraft:damage_dealt":516,"minecraft:interact_with_crafting_table":4,"minecraft:swim_one_cm":4674,"minecraft:fly_one_cm":46620,"minecraft:crouch_one_cm":319,"minecraft:play_time":10373,"minecraft:sneak_time":95,"minecraft:walk_under_water_one_cm":354,"minecraft:jump":304,"minecraft:leave_game":3,"minecraft:walk_on_water_one_cm":334,"minecraft:time_since_death":10373,"minecraft:sleep_in_bed":1,"minecraft:climb_one_cm":2098,"minecraft:total_world_time":10373,"minecraft:fall_one_cm":4567},"minecraft:killed":{"minecraft:sheep":6},"minecraft:picked_up":{"minecraft:raw_iron":5,"minecraft:stick":4,"minecraft:crafting_table":3,"minecraft:sand":1,"minecraft:oak_log":13,"minecraft:white_bed":2,"minecraft:mutton":9,"minecraft:coal":4,"minecraft:white_wool":6,"minecraft:cobblestone":12},"minecraft:mined":{"minecraft:white_bed":2,"minecraft:iron_ore":6,"minecraft:jungle_leaves":1,"minecraft:crafting_table":3,"minecraft:oak_log":13,"minecraft:coal_ore":4,"minecraft:dead_bush":2,"minecraft:sand":3,"minecraft:stone":11}},"DataVersion":3955}